schema_version,run_id,section,case,status,elapsed_ns,message,evidence_json
2,bench-a6c32a7b-e437-4a70-8f8b-980d60e28a83,checkpoint,off-0,succeeded,363830614,,"{""application_capture_ns"":13382610.0,""application_checkpoint_bytes"":400.0,""application_restore_ns"":157001.0,""trace_records"":0.0,""workspace_capture_ns"":242568356.0,""workspace_file_bytes"":1048576.0,""workspace_manifest_bytes"":2928.0,""workspace_restore_ns"":82766919.0,""workspace_validation_ns"":24930848.0}"
2,bench-a6c32a7b-e437-4a70-8f8b-980d60e28a83,checkpoint,off-1,succeeded,376140496,,"{""application_capture_ns"":13170688.0,""application_checkpoint_bytes"":400.0,""application_restore_ns"":151041.0,""trace_records"":0.0,""workspace_capture_ns"":257320216.0,""workspace_file_bytes"":1048576.0,""workspace_manifest_bytes"":2928.0,""workspace_restore_ns"":80524343.0,""workspace_validation_ns"":24950248.0}"
2,bench-a6c32a7b-e437-4a70-8f8b-980d60e28a83,checkpoint,off-2,succeeded,352363176,,"{""application_capture_ns"":12073241.0,""application_checkpoint_bytes"":398.0,""application_restore_ns"":179881.0,""trace_records"":0.0,""workspace_capture_ns"":241938272.0,""workspace_file_bytes"":1048576.0,""workspace_manifest_bytes"":2928.0,""workspace_restore_ns"":73313895.0,""workspace_validation_ns"":24832087.0}"
2,bench-a6c32a7b-e437-4a70-8f8b-980d60e28a83,checkpoint,off-3,succeeded,347582384,,"{""application_capture_ns"":11487117.0,""application_checkpoint_bytes"":400.0,""application_restore_ns"":147841.0,""trace_records"":0.0,""workspace_capture_ns"":232551249.0,""workspace_file_bytes"":1048576.0,""workspace_manifest_bytes"":2928.0,""workspace_restore_ns"":78512810.0,""workspace_validation_ns"":24859407.0}"
2,bench-a6c32a7b-e437-4a70-8f8b-980d60e28a83,checkpoint,off-4,succeeded,360070108,,"{""application_capture_ns"":12261642.0,""application_checkpoint_bytes"":400.0,""application_restore_ns"":159601.0,""trace_records"":0.0,""workspace_capture_ns"":247043026.0,""workspace_file_bytes"":1048576.0,""workspace_manifest_bytes"":2928.0,""workspace_restore_ns"":75705871.0,""workspace_validation_ns"":24874728.0}"
2,bench-a6c32a7b-e437-4a70-8f8b-980d60e28a83,checkpoint,off-5,succeeded,348990073,,"{""application_capture_ns"":13176649.0,""application_checkpoint_bytes"":400.0,""application_restore_ns"":141520.0,""trace_records"":0.0,""workspace_capture_ns"":235729470.0,""workspace_file_bytes"":1048576.0,""workspace_manifest_bytes"":2928.0,""workspace_restore_ns"":75124306.0,""workspace_validation_ns"":24795247.0}"
2,bench-a6c32a7b-e437-4a70-8f8b-980d60e28a83,checkpoint,off-6,succeeded,363479890,,"{""application_capture_ns"":13704132.0,""application_checkpoint_bytes"":400.0,""application_restore_ns"":147601.0,""trace_records"":0.0,""workspace_capture_ns"":244836251.0,""workspace_file_bytes"":1048576.0,""workspace_manifest_bytes"":2928.0,""workspace_restore_ns"":79234614.0,""workspace_validation_ns"":25532772.0}"
2,bench-a6c32a7b-e437-4a70-8f8b-980d60e28a83,checkpoint,off-7,succeeded,371525385,,"{""application_capture_ns"":12345803.0,""application_checkpoint_bytes"":400.0,""application_restore_ns"":155482.0,""trace_records"":0.0,""workspace_capture_ns"":256335168.0,""workspace_file_bytes"":1048576.0,""workspace_manifest_bytes"":2928.0,""workspace_restore_ns"":77782925.0,""workspace_validation_ns"":24881127.0}"
2,bench-a6c32a7b-e437-4a70-8f8b-980d60e28a83,checkpoint,off-8,succeeded,367160155,,"{""application_capture_ns"":12805926.0,""application_checkpoint_bytes"":400.0,""application_restore_ns"":146680.0,""trace_records"":0.0,""workspace_capture_ns"":252328341.0,""workspace_file_bytes"":1048576.0,""workspace_manifest_bytes"":2928.0,""workspace_restore_ns"":77047199.0,""workspace_validation_ns"":24807607.0}"
2,bench-a6c32a7b-e437-4a70-8f8b-980d60e28a83,checkpoint,off-9,succeeded,403799282,,"{""application_capture_ns"":14050295.0,""application_checkpoint_bytes"":400.0,""application_restore_ns"":146481.0,""trace_records"":0.0,""workspace_capture_ns"":279375203.0,""workspace_file_bytes"":1048576.0,""workspace_manifest_bytes"":2928.0,""workspace_restore_ns"":85246615.0,""workspace_validation_ns"":24956688.0}"
2,bench-a6c32a7b-e437-4a70-8f8b-980d60e28a83,checkpoint,on-0,succeeded,420544273,,"{""application_capture_ns"":16807153.0,""application_checkpoint_bytes"":8518.0,""application_restore_ns"":2604097.0,""trace_records"":64.0,""workspace_capture_ns"":292777333.0,""workspace_file_bytes"":1048576.0,""workspace_manifest_bytes"":2928.0,""workspace_restore_ns"":83447642.0,""workspace_validation_ns"":24870367.0}"
2,bench-a6c32a7b-e437-4a70-8f8b-980d60e28a83,checkpoint,on-1,succeeded,400620739,,"{""application_capture_ns"":18975968.0,""application_checkpoint_bytes"":8518.0,""application_restore_ns"":2552817.0,""trace_records"":64.0,""workspace_capture_ns"":269389735.0,""workspace_file_bytes"":1048576.0,""workspace_manifest_bytes"":2928.0,""workspace_restore_ns"":84591410.0,""workspace_validation_ns"":25072969.0}"
2,bench-a6c32a7b-e437-4a70-8f8b-980d60e28a83,checkpoint,on-2,succeeded,387655332,,"{""application_capture_ns"":18206923.0,""application_checkpoint_bytes"":8516.0,""application_restore_ns"":2537057.0,""trace_records"":64.0,""workspace_capture_ns"":255816963.0,""workspace_file_bytes"":1048576.0,""workspace_manifest_bytes"":2928.0,""workspace_restore_ns"":86266901.0,""workspace_validation_ns"":24761007.0}"
2,bench-a6c32a7b-e437-4a70-8f8b-980d60e28a83,checkpoint,on-3,succeeded,383778024,,"{""application_capture_ns"":17793600.0,""application_checkpoint_bytes"":8518.0,""application_restore_ns"":2629378.0,""trace_records"":64.0,""workspace_capture_ns"":259489547.0,""workspace_file_bytes"":1048576.0,""workspace_manifest_bytes"":2928.0,""workspace_restore_ns"":78992492.0,""workspace_validation_ns"":24836447.0}"
2,bench-a6c32a7b-e437-4a70-8f8b-980d60e28a83,checkpoint,on-4,succeeded,405845853,,"{""application_capture_ns"":15531424.0,""application_checkpoint_bytes"":8518.0,""application_restore_ns"":2556537.0,""trace_records"":64.0,""workspace_capture_ns"":279149760.0,""workspace_file_bytes"":1048576.0,""workspace_manifest_bytes"":2928.0,""workspace_restore_ns"":83831684.0,""workspace_validation_ns"":24741807.0}"
2,bench-a6c32a7b-e437-4a70-8f8b-980d60e28a83,checkpoint,on-5,succeeded,378439468,,"{""application_capture_ns"":14656179.0,""application_checkpoint_bytes"":8518.0,""application_restore_ns"":2554857.0,""trace_records"":64.0,""workspace_capture_ns"":254902156.0,""workspace_file_bytes"":1048576.0,""workspace_manifest_bytes"":2928.0,""workspace_restore_ns"":81441748.0,""workspace_validation_ns"":24849647.0}"
2,bench-a6c32a7b-e437-4a70-8f8b-980d60e28a83,checkpoint,on-6,succeeded,412704698,,"{""application_capture_ns"":17653358.0,""application_checkpoint_bytes"":8518.0,""application_restore_ns"":2828939.0,""trace_records"":64.0,""workspace_capture_ns"":274271607.0,""workspace_file_bytes"":1048576.0,""workspace_manifest_bytes"":2928.0,""workspace_restore_ns"":87523109.0,""workspace_validation_ns"":30391324.0}"
2,bench-a6c32a7b-e437-4a70-8f8b-980d60e28a83,checkpoint,on-7,succeeded,378140224,,"{""application_capture_ns"":17339516.0,""application_checkpoint_bytes"":8518.0,""application_restore_ns"":3741025.0,""trace_records"":64.0,""workspace_capture_ns"":253615787.0,""workspace_file_bytes"":1048576.0,""workspace_manifest_bytes"":2928.0,""workspace_restore_ns"":78609649.0,""workspace_validation_ns"":24798927.0}"
2,bench-a6c32a7b-e437-4a70-8f8b-980d60e28a83,checkpoint,on-8,succeeded,391146872,,"{""application_capture_ns"":15973708.0,""application_checkpoint_bytes"":8518.0,""application_restore_ns"":2528017.0,""trace_records"":64.0,""workspace_capture_ns"":267257798.0,""workspace_file_bytes"":1048576.0,""workspace_manifest_bytes"":2928.0,""workspace_restore_ns"":80553382.0,""workspace_validation_ns"":24798807.0}"
2,bench-a6c32a7b-e437-4a70-8f8b-980d60e28a83,checkpoint,on-9,succeeded,368544440,,"{""application_capture_ns"":17454997.0,""application_checkpoint_bytes"":8518.0,""application_restore_ns"":2589657.0,""trace_records"":64.0,""workspace_capture_ns"":244262244.0,""workspace_file_bytes"":1048576.0,""workspace_manifest_bytes"":2928.0,""workspace_restore_ns"":79250573.0,""workspace_validation_ns"":24949888.0}"
2,bench-a6c32a7b-e437-4a70-8f8b-980d60e28a83,validation,future_application_schema_rejected,succeeded,0,application context schema 2 is unsupported; expected 1,{}
2,bench-a6c32a7b-e437-4a70-8f8b-980d60e28a83,validation,missing_application_reference_rejected,succeeded,0,observable context references missing blob 0000000000000000000000000000000000000000000000000000000000000000,{}
2,bench-a6c32a7b-e437-4a70-8f8b-980d60e28a83,validation,workspace_restore_refuses_clobber,succeeded,0,"target_rejected=true, sentinel_preserved=true",{}
2,bench-a6c32a7b-e437-4a70-8f8b-980d60e28a83,compatibility,combined_4096_bytes,succeeded,98850065,,"{""bytes_written"":""5256"",""trace_mode"":""off""}"
2,bench-a6c32a7b-e437-4a70-8f8b-980d60e28a83,compatibility,combined_65536_bytes,succeeded,105597190,,"{""bytes_written"":""66700"",""trace_mode"":""off""}"
2,bench-a6c32a7b-e437-4a70-8f8b-980d60e28a83,compatibility,combined_1048576_bytes,succeeded,187967104,,"{""bytes_written"":""1049744"",""trace_mode"":""off""}"
2,bench-a6c32a7b-e437-4a70-8f8b-980d60e28a83,compatibility,application_future_schema,unsupported,11041,application context schema 2 is unsupported; expected 1,"{""expected"":""typed unsupported""}"
2,bench-a6c32a7b-e437-4a70-8f8b-980d60e28a83,compatibility,application_missing_reference,failed,50121,observable context references missing blob 0000000000000000000000000000000000000000000000000000000000000000,"{""validation_stage"":""capture""}"
2,bench-a6c32a7b-e437-4a70-8f8b-980d60e28a83,compatibility,workspace_missing_source,failed,22480,No such file or directory (os error 2),"{""validation_stage"":""capture""}"
2,bench-a6c32a7b-e437-4a70-8f8b-980d60e28a83,compatibility,workspace_special_file,unsupported,48080,"SpecialFile { path: ""socket"", kind: ""socket"" }","{""policy"":""special files require cooperation""}"
2,bench-a6c32a7b-e437-4a70-8f8b-980d60e28a83,compatibility,process_threads,unsupported,0,no process checkpoint backend is registered on this revision,"{""backend"":""unregistered""}"
2,bench-a6c32a7b-e437-4a70-8f8b-980d60e28a83,compatibility,process_child_processes,unsupported,0,no process checkpoint backend is registered on this revision,"{""backend"":""unregistered""}"
2,bench-a6c32a7b-e437-4a70-8f8b-980d60e28a83,compatibility,process_pipes,unsupported,0,no process checkpoint backend is registered on this revision,"{""backend"":""unregistered""}"
2,bench-a6c32a7b-e437-4a70-8f8b-980d60e28a83,compatibility,process_unix_sockets,unsupported,0,no process checkpoint backend is registered on this revision,"{""backend"":""unregistered""}"
2,bench-a6c32a7b-e437-4a70-8f8b-980d60e28a83,compatibility,process_tcp_connections,unsupported,0,no process checkpoint backend is registered on this revision,"{""backend"":""unregistered""}"
2,bench-a6c32a7b-e437-4a70-8f8b-980d60e28a83,compatibility,process_timers_signals,unsupported,0,no process checkpoint backend is registered on this revision,"{""backend"":""unregistered""}"
2,bench-a6c32a7b-e437-4a70-8f8b-980d60e28a83,cow,point-0-sample-0,succeeded,223288862,,"{""ordinal"":0,""elapsed_ns"":223288862,""minor_faults"":16440,""major_faults"":0,""cow_pss_bytes"":145955840,""cow_rss_bytes"":381403136,""full_copy_bytes"":268435456,""full_copy_ns"":112328196}"
2,bench-a6c32a7b-e437-4a70-8f8b-980d60e28a83,cow,point-0-sample-1,succeeded,229295463,,"{""ordinal"":1,""elapsed_ns"":229295463,""minor_faults"":16440,""major_faults"":0,""cow_pss_bytes"":145891328,""cow_rss_bytes"":381272064,""full_copy_bytes"":268435456,""full_copy_ns"":112709318}"
2,bench-a6c32a7b-e437-4a70-8f8b-980d60e28a83,cow,point-0-sample-2,succeeded,222227175,,"{""ordinal"":2,""elapsed_ns"":222227175,""minor_faults"":16440,""major_faults"":0,""cow_pss_bytes"":145911808,""cow_rss_bytes"":381403136,""full_copy_bytes"":268435456,""full_copy_ns"":111762871}"
2,bench-a6c32a7b-e437-4a70-8f8b-980d60e28a83,cow,point-0-sample-3,succeeded,232193601,,"{""ordinal"":3,""elapsed_ns"":232193601,""minor_faults"":16440,""major_faults"":0,""cow_pss_bytes"":145897472,""cow_rss_bytes"":381235200,""full_copy_bytes"":268435456,""full_copy_ns"":122298223}"
2,bench-a6c32a7b-e437-4a70-8f8b-980d60e28a83,cow,point-0-sample-4,succeeded,219268675,,"{""ordinal"":4,""elapsed_ns"":219268675,""minor_faults"":16440,""major_faults"":0,""cow_pss_bytes"":145960960,""cow_rss_bytes"":381218816,""full_copy_bytes"":268435456,""full_copy_ns"":112174795}"
2,bench-a6c32a7b-e437-4a70-8f8b-980d60e28a83,cow,point-1-sample-0,succeeded,34356431,,"{""ordinal"":0,""elapsed_ns"":34356431,""minor_faults"":13,""major_faults"":0,""cow_pss_bytes"":11800576,""cow_rss_bytes"":27652096,""full_copy_bytes"":4194304,""full_copy_ns"":1870452}"
2,bench-a6c32a7b-e437-4a70-8f8b-980d60e28a83,cow,point-1-sample-1,succeeded,32776980,,"{""ordinal"":1,""elapsed_ns"":32776980,""minor_faults"":13,""major_faults"":0,""cow_pss_bytes"":11800576,""cow_rss_bytes"":27635712,""full_copy_bytes"":4194304,""full_copy_ns"":1663052}"
2,bench-a6c32a7b-e437-4a70-8f8b-980d60e28a83,cow,point-1-sample-2,succeeded,31682613,,"{""ordinal"":2,""elapsed_ns"":31682613,""minor_faults"":13,""major_faults"":0,""cow_pss_bytes"":11799552,""cow_rss_bytes"":27643904,""full_copy_bytes"":4194304,""full_copy_ns"":1686131}"
2,bench-a6c32a7b-e437-4a70-8f8b-980d60e28a83,cow,point-1-sample-3,succeeded,31055929,,"{""ordinal"":3,""elapsed_ns"":31055929,""minor_faults"":13,""major_faults"":0,""cow_pss_bytes"":11800576,""cow_rss_bytes"":27635712,""full_copy_bytes"":4194304,""full_copy_ns"":1635131}"
2,bench-a6c32a7b-e437-4a70-8f8b-980d60e28a83,cow,point-1-sample-4,succeeded,31105929,,"{""ordinal"":4,""elapsed_ns"":31105929,""minor_faults"":13,""major_faults"":0,""cow_pss_bytes"":11796480,""cow_rss_bytes"":27676672,""full_copy_bytes"":4194304,""full_copy_ns"":1665331}"
2,bench-a6c32a7b-e437-4a70-8f8b-980d60e28a83,cow,point-2-sample-0,succeeded,34713914,,"{""ordinal"":0,""elapsed_ns"":34713914,""minor_faults"":1038,""major_faults"":0,""cow_pss_bytes"":15990784,""cow_rss_bytes"":27656192,""full_copy_bytes"":4194304,""full_copy_ns"":1635131}"
2,bench-a6c32a7b-e437-4a70-8f8b-980d60e28a83,cow,point-2-sample-1,succeeded,34965595,,"{""ordinal"":1,""elapsed_ns"":34965595,""minor_faults"":1038,""major_faults"":0,""cow_pss_bytes"":15982592,""cow_rss_bytes"":27635712,""full_copy_bytes"":4194304,""full_copy_ns"":1672811}"
2,bench-a6c32a7b-e437-4a70-8f8b-980d60e28a83,cow,point-2-sample-2,succeeded,35088436,,"{""ordinal"":2,""elapsed_ns"":35088436,""minor_faults"":1038,""major_faults"":0,""cow_pss_bytes"":16023552,""cow_rss_bytes"":27713536,""full_copy_bytes"":4194304,""full_copy_ns"":1633291}"
2,bench-a6c32a7b-e437-4a70-8f8b-980d60e28a83,cow,point-2-sample-3,succeeded,35754960,,"{""ordinal"":3,""elapsed_ns"":35754960,""minor_faults"":1038,""major_faults"":0,""cow_pss_bytes"":15986688,""cow_rss_bytes"":27643904,""full_copy_bytes"":4194304,""full_copy_ns"":1645211}"
2,bench-a6c32a7b-e437-4a70-8f8b-980d60e28a83,cow,point-2-sample-4,succeeded,34631313,,"{""ordinal"":4,""elapsed_ns"":34631313,""minor_faults"":1038,""major_faults"":0,""cow_pss_bytes"":16018432,""cow_rss_bytes"":27672576,""full_copy_bytes"":4194304,""full_copy_ns"":1640931}"
2,bench-a6c32a7b-e437-4a70-8f8b-980d60e28a83,cow,point-3-sample-0,succeeded,81246626,,"{""ordinal"":0,""elapsed_ns"":81246626,""minor_faults"":4124,""major_faults"":0,""cow_pss_bytes"":59320320,""cow_rss_bytes"":128765952,""full_copy_bytes"":67108864,""full_copy_ns"":27366984}"
2,bench-a6c32a7b-e437-4a70-8f8b-980d60e28a83,cow,point-3-sample-1,succeeded,81926831,,"{""ordinal"":1,""elapsed_ns"":81926831,""minor_faults"":4124,""major_faults"":0,""cow_pss_bytes"":59336704,""cow_rss_bytes"":128757760,""full_copy_bytes"":67108864,""full_copy_ns"":27750987}"
2,bench-a6c32a7b-e437-4a70-8f8b-980d60e28a83,cow,point-3-sample-2,succeeded,81383428,,"{""ordinal"":2,""elapsed_ns"":81383428,""minor_faults"":4124,""major_faults"":0,""cow_pss_bytes"":59321344,""cow_rss_bytes"":128724992,""full_copy_bytes"":67108864,""full_copy_ns"":27390544}"
2,bench-a6c32a7b-e437-4a70-8f8b-980d60e28a83,cow,point-3-sample-3,succeeded,80484981,,"{""ordinal"":3,""elapsed_ns"":80484981,""minor_faults"":4124,""major_faults"":0,""cow_pss_bytes"":59326464,""cow_rss_bytes"":128749568,""full_copy_bytes"":67108864,""full_copy_ns"":27340744}"
2,bench-a6c32a7b-e437-4a70-8f8b-980d60e28a83,cow,point-3-sample-4,succeeded,81570788,,"{""ordinal"":4,""elapsed_ns"":81570788,""minor_faults"":4124,""major_faults"":0,""cow_pss_bytes"":59320320,""cow_rss_bytes"":128765952,""full_copy_bytes"":67108864,""full_copy_ns"":27485505}"
2,bench-a6c32a7b-e437-4a70-8f8b-980d60e28a83,cow,point-4-sample-0,succeeded,144921295,,"{""ordinal"":0,""elapsed_ns"":144921295,""minor_faults"":8248,""major_faults"":0,""cow_pss_bytes"":78756864,""cow_rss_bytes"":213516288,""full_copy_bytes"":134217728,""full_copy_ns"":72913251}"
2,bench-a6c32a7b-e437-4a70-8f8b-980d60e28a83,cow,point-4-sample-1,succeeded,123286309,,"{""ordinal"":1,""elapsed_ns"":123286309,""minor_faults"":8248,""major_faults"":0,""cow_pss_bytes"":78797824,""cow_rss_bytes"":213508096,""full_copy_bytes"":134217728,""full_copy_ns"":54741648}"
2,bench-a6c32a7b-e437-4a70-8f8b-980d60e28a83,cow,point-4-sample-2,succeeded,121969620,,"{""ordinal"":2,""elapsed_ns"":121969620,""minor_faults"":8248,""major_faults"":0,""cow_pss_bytes"":78816256,""cow_rss_bytes"":213483520,""full_copy_bytes"":134217728,""full_copy_ns"":54219605}"
2,bench-a6c32a7b-e437-4a70-8f8b-980d60e28a83,cow,point-4-sample-3,succeeded,122329663,,"{""ordinal"":3,""elapsed_ns"":122329663,""minor_faults"":8248,""major_faults"":0,""cow_pss_bytes"":78849024,""cow_rss_bytes"":213516288,""full_copy_bytes"":134217728,""full_copy_ns"":52963556}"
2,bench-a6c32a7b-e437-4a70-8f8b-980d60e28a83,cow,point-4-sample-4,succeeded,119446403,,"{""ordinal"":4,""elapsed_ns"":119446403,""minor_faults"":8248,""major_faults"":0,""cow_pss_bytes"":78823424,""cow_rss_bytes"":213536768,""full_copy_bytes"":134217728,""full_copy_ns"":52895195}"
2,bench-a6c32a7b-e437-4a70-8f8b-980d60e28a83,final_cow,134217728-1-0-sample-0,supported,110672984,,"{""ordinal"":0,""runtime_ns"":110672984,""allocation_ns"":40855155,""fork_pause_ns"":4688592,""dirty_ns_max"":2583777,""minor_faults"":14,""major_faults"":0,""cow_rss_bytes"":287449088,""cow_pss_bytes"":141257728,""full_copy_bytes"":134217728,""full_copy_ns"":55381092,""pss_to_full_copy_basis_points"":10524}"
2,bench-a6c32a7b-e437-4a70-8f8b-980d60e28a83,final_cow,134217728-1-0-sample-1,supported,109430776,,"{""ordinal"":1,""runtime_ns"":109430776,""allocation_ns"":39791948,""fork_pause_ns"":4494750,""dirty_ns_max"":2187135,""minor_faults"":14,""major_faults"":0,""cow_rss_bytes"":287477760,""cow_pss_bytes"":141288448,""full_copy_bytes"":134217728,""full_copy_ns"":55977856,""pss_to_full_copy_basis_points"":10526}"
2,bench-a6c32a7b-e437-4a70-8f8b-980d60e28a83,final_cow,134217728-1-0-sample-2,supported,111299028,,"{""ordinal"":2,""runtime_ns"":111299028,""allocation_ns"":40663913,""fork_pause_ns"":4524351,""dirty_ns_max"":2356976,""minor_faults"":14,""major_faults"":0,""cow_rss_bytes"":287440896,""cow_pss_bytes"":141257728,""full_copy_bytes"":134217728,""full_copy_ns"":56626541,""pss_to_full_copy_basis_points"":10524}"
2,bench-a6c32a7b-e437-4a70-8f8b-980d60e28a83,final_cow,134217728-1-100-sample-0,supported,116162661,,"{""ordinal"":0,""runtime_ns"":116162661,""allocation_ns"":44126376,""fork_pause_ns"":4635271,""dirty_ns_max"":3952106,""minor_faults"":340,""major_faults"":0,""cow_rss_bytes"":287440896,""cow_pss_bytes"":142607360,""full_copy_bytes"":134217728,""full_copy_ns"":56137578,""pss_to_full_copy_basis_points"":10625}"
2,bench-a6c32a7b-e437-4a70-8f8b-980d60e28a83,final_cow,134217728-1-100-sample-1,supported,109203734,,"{""ordinal"":1,""runtime_ns"":109203734,""allocation_ns"":39723587,""fork_pause_ns"":4451150,""dirty_ns_max"":3568664,""minor_faults"":340,""major_faults"":0,""cow_rss_bytes"":287444992,""cow_pss_bytes"":142609408,""full_copy_bytes"":134217728,""full_copy_ns"":54052443,""pss_to_full_copy_basis_points"":10625}"
2,bench-a6c32a7b-e437-4a70-8f8b-980d60e28a83,final_cow,134217728-1-100-sample-2,supported,110693944,,"{""ordinal"":2,""runtime_ns"":110693944,""allocation_ns"":39988189,""fork_pause_ns"":4468910,""dirty_ns_max"":3545864,""minor_faults"":340,""major_faults"":0,""cow_rss_bytes"":287469568,""cow_pss_bytes"":142645248,""full_copy_bytes"":134217728,""full_copy_ns"":54406766,""pss_to_full_copy_basis_points"":10627}"
2,bench-a6c32a7b-e437-4a70-8f8b-980d60e28a83,final_cow,134217728-1-1000-sample-0,supported,123359550,,"{""ordinal"":0,""runtime_ns"":123359550,""allocation_ns"":39980749,""fork_pause_ns"":4381669,""dirty_ns_max"":17129675,""minor_faults"":3289,""major_faults"":0,""cow_rss_bytes"":287432704,""cow_pss_bytes"":154687488,""full_copy_bytes"":134217728,""full_copy_ns"":54201565,""pss_to_full_copy_basis_points"":11525}"
2,bench-a6c32a7b-e437-4a70-8f8b-980d60e28a83,final_cow,134217728-1-1000-sample-1,supported,122690225,,"{""ordinal"":1,""runtime_ns"":122690225,""allocation_ns"":39774187,""fork_pause_ns"":4498591,""dirty_ns_max"":16597631,""minor_faults"":3289,""major_faults"":0,""cow_rss_bytes"":287477760,""cow_pss_bytes"":154686464,""full_copy_bytes"":134217728,""full_copy_ns"":54170364,""pss_to_full_copy_basis_points"":11525}"
2,bench-a6c32a7b-e437-4a70-8f8b-980d60e28a83,final_cow,134217728-1-1000-sample-2,supported,125434524,,"{""ordinal"":2,""runtime_ns"":125434524,""allocation_ns"":39595227,""fork_pause_ns"":6082401,""dirty_ns_max"":16955794,""minor_faults"":3289,""major_faults"":0,""cow_rss_bytes"":287469568,""cow_pss_bytes"":154680320,""full_copy_bytes"":134217728,""full_copy_ns"":57223064,""pss_to_full_copy_basis_points"":11524}"
2,bench-a6c32a7b-e437-4a70-8f8b-980d60e28a83,final_cow,134217728-1-5000-sample-0,supported,178070637,,"{""ordinal"":0,""runtime_ns"":178070637,""allocation_ns"":39707147,""fork_pause_ns"":4639591,""dirty_ns_max"":70008870,""minor_faults"":16396,""major_faults"":0,""cow_rss_bytes"":287432704,""cow_pss_bytes"":208366592,""full_copy_bytes"":134217728,""full_copy_ns"":54302765,""pss_to_full_copy_basis_points"":15524}"
2,bench-a6c32a7b-e437-4a70-8f8b-980d60e28a83,final_cow,134217728-1-5000-sample-1,supported,178120437,,"{""ordinal"":1,""runtime_ns"":178120437,""allocation_ns"":39903388,""fork_pause_ns"":4686631,""dirty_ns_max"":68142578,""minor_faults"":16396,""major_faults"":0,""cow_rss_bytes"":287477760,""cow_pss_bytes"":208374784,""full_copy_bytes"":134217728,""full_copy_ns"":54697208,""pss_to_full_copy_basis_points"":15525}"
2,bench-a6c32a7b-e437-4a70-8f8b-980d60e28a83,final_cow,134217728-1-5000-sample-2,supported,180654815,,"{""ordinal"":2,""runtime_ns"":180654815,""allocation_ns"":39933229,""fork_pause_ns"":4731792,""dirty_ns_max"":71820363,""minor_faults"":16396,""major_faults"":0,""cow_rss_bytes"":287440896,""cow_pss_bytes"":208366592,""full_copy_bytes"":134217728,""full_copy_ns"":54327165,""pss_to_full_copy_basis_points"":15524}"
2,bench-a6c32a7b-e437-4a70-8f8b-980d60e28a83,final_cow,134217728-1-10000-sample-0,supported,247419383,,"{""ordinal"":0,""runtime_ns"":247419383,""allocation_ns"":40162710,""fork_pause_ns"":4863353,""dirty_ns_max"":136016435,""minor_faults"":32780,""major_faults"":0,""cow_rss_bytes"":287432704,""cow_pss_bytes"":275482624,""full_copy_bytes"":134217728,""full_copy_ns"":54614047,""pss_to_full_copy_basis_points"":20525}"
2,bench-a6c32a7b-e437-4a70-8f8b-980d60e28a83,final_cow,134217728-1-10000-sample-1,supported,248940873,,"{""ordinal"":1,""runtime_ns"":248940873,""allocation_ns"":39892428,""fork_pause_ns"":4731472,""dirty_ns_max"":137319283,""minor_faults"":32780,""major_faults"":0,""cow_rss_bytes"":287449088,""cow_pss_bytes"":275479552,""full_copy_bytes"":134217728,""full_copy_ns"":55169051,""pss_to_full_copy_basis_points"":20524}"
2,bench-a6c32a7b-e437-4a70-8f8b-980d60e28a83,final_cow,134217728-1-10000-sample-2,supported,249077834,,"{""ordinal"":2,""runtime_ns"":249077834,""allocation_ns"":39745747,""fork_pause_ns"":4731552,""dirty_ns_max"":138211009,""minor_faults"":32780,""major_faults"":0,""cow_rss_bytes"":287432704,""cow_pss_bytes"":275475456,""full_copy_bytes"":134217728,""full_copy_ns"":54491606,""pss_to_full_copy_basis_points"":20524}"
2,bench-a6c32a7b-e437-4a70-8f8b-980d60e28a83,final_cow,134217728-2-0-sample-0,supported,167283604,,"{""ordinal"":0,""runtime_ns"":167283604,""allocation_ns"":39831228,""fork_pause_ns"":7408730,""dirty_ns_max"":3157502,""minor_faults"":27,""major_faults"":0,""cow_rss_bytes"":429977600,""cow_pss_bytes"":142155776,""full_copy_bytes"":268435456,""full_copy_ns"":109000132,""pss_to_full_copy_basis_points"":5295}"
2,bench-a6c32a7b-e437-4a70-8f8b-980d60e28a83,final_cow,134217728-2-0-sample-1,supported,169967623,,"{""ordinal"":1,""runtime_ns"":169967623,""allocation_ns"":38020256,""fork_pause_ns"":7625971,""dirty_ns_max"":2180255,""minor_faults"":27,""major_faults"":0,""cow_rss_bytes"":430034944,""cow_pss_bytes"":144141312,""full_copy_bytes"":268435456,""full_copy_ns"":113966926,""pss_to_full_copy_basis_points"":5369}"
2,bench-a6c32a7b-e437-4a70-8f8b-980d60e28a83,final_cow,134217728-2-0-sample-2,supported,159455352,,"{""ordinal"":2,""runtime_ns"":159455352,""allocation_ns"":38022096,""fork_pause_ns"":5914719,""dirty_ns_max"":2599978,""minor_faults"":27,""major_faults"":0,""cow_rss_bytes"":429977600,""cow_pss_bytes"":142450688,""full_copy_bytes"":268435456,""full_copy_ns"":105763031,""pss_to_full_copy_basis_points"":5306}"
2,bench-a6c32a7b-e437-4a70-8f8b-980d60e28a83,final_cow,134217728-2-100-sample-0,supported,175348339,,"{""ordinal"":0,""runtime_ns"":175348339,""allocation_ns"":37939255,""fork_pause_ns"":6019960,""dirty_ns_max"":4303589,""minor_faults"":680,""major_faults"":0,""cow_rss_bytes"":429961216,""cow_pss_bytes"":144871424,""full_copy_bytes"":268435456,""full_copy_ns"":118823839,""pss_to_full_copy_basis_points"":5396}"
2,bench-a6c32a7b-e437-4a70-8f8b-980d60e28a83,final_cow,134217728-2-100-sample-1,supported,163790301,,"{""ordinal"":1,""runtime_ns"":163790301,""allocation_ns"":38039495,""fork_pause_ns"":6062281,""dirty_ns_max"":4767472,""minor_faults"":680,""major_faults"":0,""cow_rss_bytes"":429969408,""cow_pss_bytes"":144875520,""full_copy_bytes"":268435456,""full_copy_ns"":107114120,""pss_to_full_copy_basis_points"":5397}"
2,bench-a6c32a7b-e437-4a70-8f8b-980d60e28a83,final_cow,134217728-2-100-sample-2,supported,168025409,,"{""ordinal"":2,""runtime_ns"":168025409,""allocation_ns"":38046936,""fork_pause_ns"":6420243,""dirty_ns_max"":3360463,""minor_faults"":680,""major_faults"":0,""cow_rss_bytes"":429948928,""cow_pss_bytes"":144865280,""full_copy_bytes"":268435456,""full_copy_ns"":111569550,""pss_to_full_copy_basis_points"":5396}"
2,bench-a6c32a7b-e437-4a70-8f8b-980d60e28a83,final_cow,134217728-2-1000-sample-0,supported,172944202,,"{""ordinal"":0,""runtime_ns"":172944202,""allocation_ns"":37825934,""fork_pause_ns"":6053721,""dirty_ns_max"":15408464,""minor_faults"":6578,""major_faults"":0,""cow_rss_bytes"":429993984,""cow_pss_bytes"":168950784,""full_copy_bytes"":268435456,""full_copy_ns"":106370555,""pss_to_full_copy_basis_points"":6293}"
2,bench-a6c32a7b-e437-4a70-8f8b-980d60e28a83,final_cow,134217728-2-1000-sample-1,supported,182001583,,"{""ordinal"":1,""runtime_ns"":182001583,""allocation_ns"":40153750,""fork_pause_ns"":7714571,""dirty_ns_max"":16854274,""minor_faults"":6578,""major_faults"":0,""cow_rss_bytes"":430034944,""cow_pss_bytes"":168920064,""full_copy_bytes"":268435456,""full_copy_ns"":109476136,""pss_to_full_copy_basis_points"":6292}"
2,bench-a6c32a7b-e437-4a70-8f8b-980d60e28a83,final_cow,134217728-2-1000-sample-2,supported,179439166,,"{""ordinal"":2,""runtime_ns"":179439166,""allocation_ns"":39558346,""fork_pause_ns"":7523171,""dirty_ns_max"":17420277,""minor_faults"":6578,""major_faults"":0,""cow_rss_bytes"":429977600,""cow_pss_bytes"":168922112,""full_copy_bytes"":268435456,""full_copy_ns"":106319994,""pss_to_full_copy_basis_points"":6292}"
2,bench-a6c32a7b-e437-4a70-8f8b-980d60e28a83,final_cow,134217728-2-5000-sample-0,supported,235710704,,"{""ordinal"":0,""runtime_ns"":235710704,""allocation_ns"":39774987,""fork_pause_ns"":7524850,""dirty_ns_max"":72052204,""minor_faults"":32792,""major_faults"":0,""cow_rss_bytes"":429973504,""cow_pss_bytes"":276254720,""full_copy_bytes"":268435456,""full_copy_ns"":108052647,""pss_to_full_copy_basis_points"":10291}"
2,bench-a6c32a7b-e437-4a70-8f8b-980d60e28a83,final_cow,134217728-2-5000-sample-1,supported,230800271,,"{""ordinal"":1,""runtime_ns"":230800271,""allocation_ns"":39099463,""fork_pause_ns"":5990400,""dirty_ns_max"":69306386,""minor_faults"":32792,""major_faults"":0,""cow_rss_bytes"":429977600,""cow_pss_bytes"":276282368,""full_copy_bytes"":268435456,""full_copy_ns"":107331241,""pss_to_full_copy_basis_points"":10292}"
2,bench-a6c32a7b-e437-4a70-8f8b-980d60e28a83,final_cow,134217728-2-5000-sample-2,supported,232606924,,"{""ordinal"":2,""runtime_ns"":232606924,""allocation_ns"":39696467,""fork_pause_ns"":7252649,""dirty_ns_max"":70929957,""minor_faults"":32792,""major_faults"":0,""cow_rss_bytes"":429965312,""cow_pss_bytes"":276285440,""full_copy_bytes"":268435456,""full_copy_ns"":105605750,""pss_to_full_copy_basis_points"":10292}"
2,bench-a6c32a7b-e437-4a70-8f8b-980d60e28a83,final_cow,134217728-2-10000-sample-0,supported,307199864,,"{""ordinal"":0,""runtime_ns"":307199864,""allocation_ns"":39706627,""fork_pause_ns"":7917573,""dirty_ns_max"":143125321,""minor_faults"":65560,""major_faults"":0,""cow_rss_bytes"":429957120,""cow_pss_bytes"":410449920,""full_copy_bytes"":268435456,""full_copy_ns"":105839591,""pss_to_full_copy_basis_points"":15290}"
2,bench-a6c32a7b-e437-4a70-8f8b-980d60e28a83,final_cow,134217728-2-10000-sample-1,supported,308183830,,"{""ordinal"":1,""runtime_ns"":308183830,""allocation_ns"":39608586,""fork_pause_ns"":7333890,""dirty_ns_max"":143846647,""minor_faults"":65560,""major_faults"":0,""cow_rss_bytes"":429961216,""cow_pss_bytes"":410500096,""full_copy_bytes"":268435456,""full_copy_ns"":106627956,""pss_to_full_copy_basis_points"":15292}"
2,bench-a6c32a7b-e437-4a70-8f8b-980d60e28a83,final_cow,134217728-2-10000-sample-2,supported,308419472,,"{""ordinal"":2,""runtime_ns"":308419472,""allocation_ns"":41394198,""fork_pause_ns"":7388489,""dirty_ns_max"":134728826,""minor_faults"":65560,""major_faults"":0,""cow_rss_bytes"":429957120,""cow_pss_bytes"":410500096,""full_copy_bytes"":268435456,""full_copy_ns"":112306075,""pss_to_full_copy_basis_points"":15292}"
2,bench-a6c32a7b-e437-4a70-8f8b-980d60e28a83,final_cow,134217728-4-0-sample-0,supported,280796606,,"{""ordinal"":0,""runtime_ns"":280796606,""allocation_ns"":39505865,""fork_pause_ns"":14762139,""dirty_ns_max"":4095427,""minor_faults"":53,""major_faults"":0,""cow_rss_bytes"":714985472,""cow_pss_bytes"":171036672,""full_copy_bytes"":536870912,""full_copy_ns"":213195033,""pss_to_full_copy_basis_points"":3185}"
2,bench-a6c32a7b-e437-4a70-8f8b-980d60e28a83,final_cow,134217728-4-0-sample-1,supported,283439104,,"{""ordinal"":1,""runtime_ns"":283439104,""allocation_ns"":39610626,""fork_pause_ns"":13934133,""dirty_ns_max"":2542617,""minor_faults"":53,""major_faults"":0,""cow_rss_bytes"":715034624,""cow_pss_bytes"":169433088,""full_copy_bytes"":536870912,""full_copy_ns"":215580489,""pss_to_full_copy_basis_points"":3155}"
2,bench-a6c32a7b-e437-4a70-8f8b-980d60e28a83,final_cow,134217728-4-0-sample-2,supported,295502425,,"{""ordinal"":2,""runtime_ns"":295502425,""allocation_ns"":39646026,""fork_pause_ns"":18010601,""dirty_ns_max"":3647865,""minor_faults"":53,""major_faults"":0,""cow_rss_bytes"":715034624,""cow_pss_bytes"":175621120,""full_copy_bytes"":536870912,""full_copy_ns"":220752763,""pss_to_full_copy_basis_points"":3271}"
2,bench-a6c32a7b-e437-4a70-8f8b-980d60e28a83,final_cow,134217728-4-100-sample-0,supported,286061322,,"{""ordinal"":0,""runtime_ns"":286061322,""allocation_ns"":39705627,""fork_pause_ns"":14599778,""dirty_ns_max"":6998647,""minor_faults"":1360,""major_faults"":0,""cow_rss_bytes"":715051008,""cow_pss_bytes"":167293952,""full_copy_bytes"":536870912,""full_copy_ns"":215949931,""pss_to_full_copy_basis_points"":3116}"
2,bench-a6c32a7b-e437-4a70-8f8b-980d60e28a83,final_cow,134217728-4-100-sample-1,supported,300569019,,"{""ordinal"":1,""runtime_ns"":300569019,""allocation_ns"":39983789,""fork_pause_ns"":21845947,""dirty_ns_max"":11690719,""minor_faults"":1360,""major_faults"":0,""cow_rss_bytes"":715149312,""cow_pss_bytes"":159937536,""full_copy_bytes"":536870912,""full_copy_ns"":215004244,""pss_to_full_copy_basis_points"":2979}"
2,bench-a6c32a7b-e437-4a70-8f8b-980d60e28a83,final_cow,134217728-4-100-sample-2,supported,285929801,,"{""ordinal"":2,""runtime_ns"":285929801,""allocation_ns"":39714467,""fork_pause_ns"":14498418,""dirty_ns_max"":5131315,""minor_faults"":1360,""major_faults"":0,""cow_rss_bytes"":715034624,""cow_pss_bytes"":174300160,""full_copy_bytes"":536870912,""full_copy_ns"":215935290,""pss_to_full_copy_basis_points"":3246}"
2,bench-a6c32a7b-e437-4a70-8f8b-980d60e28a83,final_cow,134217728-4-1000-sample-0,supported,326198671,,"{""ordinal"":0,""runtime_ns"":326198671,""allocation_ns"":51941829,""fork_pause_ns"":12077121,""dirty_ns_max"":37606813,""minor_faults"":13156,""major_faults"":0,""cow_rss_bytes"":715001856,""cow_pss_bytes"":197094400,""full_copy_bytes"":536870912,""full_copy_ns"":216346693,""pss_to_full_copy_basis_points"":3671}"
2,bench-a6c32a7b-e437-4a70-8f8b-980d60e28a83,final_cow,134217728-4-1000-sample-1,supported,315458359,,"{""ordinal"":1,""runtime_ns"":315458359,""allocation_ns"":39641066,""fork_pause_ns"":13010408,""dirty_ns_max"":36969329,""minor_faults"":13156,""major_faults"":0,""cow_rss_bytes"":714985472,""cow_pss_bytes"":197104640,""full_copy_bytes"":536870912,""full_copy_ns"":218159465,""pss_to_full_copy_basis_points"":3671}"
2,bench-a6c32a7b-e437-4a70-8f8b-980d60e28a83,final_cow,134217728-4-1000-sample-2,supported,312704741,,"{""ordinal"":2,""runtime_ns"":312704741,""allocation_ns"":38944302,""fork_pause_ns"":13273929,""dirty_ns_max"":33599106,""minor_faults"":13156,""major_faults"":0,""cow_rss_bytes"":715149312,""cow_pss_bytes"":197095424,""full_copy_bytes"":536870912,""full_copy_ns"":217069458,""pss_to_full_copy_basis_points"":3671}"
2,bench-a6c32a7b-e437-4a70-8f8b-980d60e28a83,final_cow,134217728-4-5000-sample-0,supported,427399670,,"{""ordinal"":0,""runtime_ns"":427399670,""allocation_ns"":39062902,""fork_pause_ns"":12641005,""dirty_ns_max"":144705332,""minor_faults"":65584,""major_faults"":0,""cow_rss_bytes"":715128832,""cow_pss_bytes"":411835392,""full_copy_bytes"":536870912,""full_copy_ns"":218208786,""pss_to_full_copy_basis_points"":7671}"
2,bench-a6c32a7b-e437-4a70-8f8b-980d60e28a83,final_cow,134217728-4-5000-sample-1,supported,486905190,,"{""ordinal"":1,""runtime_ns"":486905190,""allocation_ns"":40987835,""fork_pause_ns"":12510124,""dirty_ns_max"":203536487,""minor_faults"":65584,""major_faults"":0,""cow_rss_bytes"":715063296,""cow_pss_bytes"":411852800,""full_copy_bytes"":536870912,""full_copy_ns"":218800590,""pss_to_full_copy_basis_points"":7671}"
2,bench-a6c32a7b-e437-4a70-8f8b-980d60e28a83,final_cow,134217728-4-5000-sample-2,supported,425625138,,"{""ordinal"":2,""runtime_ns"":425625138,""allocation_ns"":39295623,""fork_pause_ns"":13074608,""dirty_ns_max"":140578304,""minor_faults"":65584,""major_faults"":0,""cow_rss_bytes"":715034624,""cow_pss_bytes"":411807744,""full_copy_bytes"":536870912,""full_copy_ns"":218258946,""pss_to_full_copy_basis_points"":7670}"
2,bench-a6c32a7b-e437-4a70-8f8b-980d60e28a83,final_cow,134217728-4-10000-sample-0,supported,602535406,,"{""ordinal"":0,""runtime_ns"":602535406,""allocation_ns"":39439385,""fork_pause_ns"":29997921,""dirty_ns_max"":308213629,""minor_faults"":131120,""major_faults"":0,""cow_rss_bytes"":715005952,""cow_pss_bytes"":680210432,""full_copy_bytes"":536870912,""full_copy_ns"":225680236,""pss_to_full_copy_basis_points"":12669}"
2,bench-a6c32a7b-e437-4a70-8f8b-980d60e28a83,final_cow,134217728-4-10000-sample-1,supported,565548998,,"{""ordinal"":1,""runtime_ns"":565548998,""allocation_ns"":39442305,""fork_pause_ns"":14533578,""dirty_ns_max"":280871206,""minor_faults"":131120,""major_faults"":0,""cow_rss_bytes"":715030528,""cow_pss_bytes"":680253440,""full_copy_bytes"":536870912,""full_copy_ns"":217248579,""pss_to_full_copy_basis_points"":12670}"
2,bench-a6c32a7b-e437-4a70-8f8b-980d60e28a83,final_cow,134217728-4-10000-sample-2,supported,619022556,,"{""ordinal"":2,""runtime_ns"":619022556,""allocation_ns"":39538146,""fork_pause_ns"":12894287,""dirty_ns_max"":326668034,""minor_faults"":131120,""major_faults"":0,""cow_rss_bytes"":715034624,""cow_pss_bytes"":680303616,""full_copy_bytes"":536870912,""full_copy_ns"":217543020,""pss_to_full_copy_basis_points"":12671}"
2,bench-a6c32a7b-e437-4a70-8f8b-980d60e28a83,final_cow,134217728-8-0-sample-0,supported,524632482,,"{""ordinal"":0,""runtime_ns"":524632482,""allocation_ns"":37817534,""fork_pause_ns"":21344503,""dirty_ns_max"":3330062,""minor_faults"":105,""major_faults"":0,""cow_rss_bytes"":1285136384,""cow_pss_bytes"":246844416,""full_copy_bytes"":1073741824,""full_copy_ns"":444784506,""pss_to_full_copy_basis_points"":2298}"
2,bench-a6c32a7b-e437-4a70-8f8b-980d60e28a83,final_cow,134217728-8-0-sample-1,supported,518510281,,"{""ordinal"":1,""runtime_ns"":518510281,""allocation_ns"":38563178,""fork_pause_ns"":21045062,""dirty_ns_max"":1923613,""minor_faults"":105,""major_faults"":0,""cow_rss_bytes"":1285054464,""cow_pss_bytes"":239639552,""full_copy_bytes"":1073741824,""full_copy_ns"":437796179,""pss_to_full_copy_basis_points"":2231}"
2,bench-a6c32a7b-e437-4a70-8f8b-980d60e28a83,final_cow,134217728-8-0-sample-2,supported,509263058,,"{""ordinal"":2,""runtime_ns"":509263058,""allocation_ns"":37693093,""fork_pause_ns"":22470951,""dirty_ns_max"":2273415,""minor_faults"":105,""major_faults"":0,""cow_rss_bytes"":1285382144,""cow_pss_bytes"":251774976,""full_copy_bytes"":1073741824,""full_copy_ns"":428105193,""pss_to_full_copy_basis_points"":2344}"
2,bench-a6c32a7b-e437-4a70-8f8b-980d60e28a83,final_cow,134217728-8-100-sample-0,supported,523123791,,"{""ordinal"":0,""runtime_ns"":523123791,""allocation_ns"":37821534,""fork_pause_ns"":25213649,""dirty_ns_max"":6668365,""minor_faults"":2720,""major_faults"":0,""cow_rss_bytes"":1285120000,""cow_pss_bytes"":220782592,""full_copy_bytes"":1073741824,""full_copy_ns"":439155067,""pss_to_full_copy_basis_points"":2056}"
2,bench-a6c32a7b-e437-4a70-8f8b-980d60e28a83,final_cow,134217728-8-100-sample-1,supported,533678462,,"{""ordinal"":1,""runtime_ns"":533678462,""allocation_ns"":37875855,""fork_pause_ns"":22778033,""dirty_ns_max"":6126522,""minor_faults"":2720,""major_faults"":0,""cow_rss_bytes"":1285099520,""cow_pss_bytes"":217955328,""full_copy_bytes"":1073741824,""full_copy_ns"":448293848,""pss_to_full_copy_basis_points"":2029}"
2,bench-a6c32a7b-e437-4a70-8f8b-980d60e28a83,final_cow,134217728-8-100-sample-2,supported,517055109,,"{""ordinal"":2,""runtime_ns"":517055109,""allocation_ns"":37636412,""fork_pause_ns"":21630065,""dirty_ns_max"":6140881,""minor_faults"":2720,""major_faults"":0,""cow_rss_bytes"":1285152768,""cow_pss_bytes"":220101632,""full_copy_bytes"":1073741824,""full_copy_ns"":432966746,""pss_to_full_copy_basis_points"":2049}"
2,bench-a6c32a7b-e437-4a70-8f8b-980d60e28a83,final_cow,134217728-8-1000-sample-0,supported,589344875,,"{""ordinal"":0,""runtime_ns"":589344875,""allocation_ns"":43162050,""fork_pause_ns"":44990302,""dirty_ns_max"":59599560,""minor_faults"":26312,""major_faults"":0,""cow_rss_bytes"":1285148672,""cow_pss_bytes"":253049856,""full_copy_bytes"":1073741824,""full_copy_ns"":448217488,""pss_to_full_copy_basis_points"":2356}"
2,bench-a6c32a7b-e437-4a70-8f8b-980d60e28a83,final_cow,134217728-8-1000-sample-1,supported,579975291,,"{""ordinal"":1,""runtime_ns"":579975291,""allocation_ns"":38130656,""fork_pause_ns"":37752813,""dirty_ns_max"":57488425,""minor_faults"":26312,""major_faults"":0,""cow_rss_bytes"":1285140480,""cow_pss_bytes"":253040640,""full_copy_bytes"":1073741824,""full_copy_ns"":442812611,""pss_to_full_copy_basis_points"":2356}"
2,bench-a6c32a7b-e437-4a70-8f8b-980d60e28a83,final_cow,134217728-8-1000-sample-2,supported,584874804,,"{""ordinal"":2,""runtime_ns"":584874804,""allocation_ns"":38156096,""fork_pause_ns"":38395617,""dirty_ns_max"":55749694,""minor_faults"":26312,""major_faults"":0,""cow_rss_bytes"":1285382144,""cow_pss_bytes"":253040640,""full_copy_bytes"":1073741824,""full_copy_ns"":448004406,""pss_to_full_copy_basis_points"":2356}"
2,bench-a6c32a7b-e437-4a70-8f8b-980d60e28a83,final_cow,134217728-8-5000-sample-0,supported,806871493,,"{""ordinal"":0,""runtime_ns"":806871493,""allocation_ns"":43979255,""fork_pause_ns"":43169969,""dirty_ns_max"":266005385,""minor_faults"":131168,""major_faults"":0,""cow_rss_bytes"":1285382144,""cow_pss_bytes"":682513408,""full_copy_bytes"":1073741824,""full_copy_ns"":442872611,""pss_to_full_copy_basis_points"":6356}"
2,bench-a6c32a7b-e437-4a70-8f8b-980d60e28a83,final_cow,134217728-8-5000-sample-1,supported,808612664,,"{""ordinal"":1,""runtime_ns"":808612664,""allocation_ns"":38060135,""fork_pause_ns"":69161063,""dirty_ns_max"":282562455,""minor_faults"":131168,""major_faults"":0,""cow_rss_bytes"":1285152768,""cow_pss_bytes"":682539008,""full_copy_bytes"":1073741824,""full_copy_ns"":421890351,""pss_to_full_copy_basis_points"":6356}"
2,bench-a6c32a7b-e437-4a70-8f8b-980d60e28a83,final_cow,134217728-8-5000-sample-2,supported,796535543,,"{""ordinal"":2,""runtime_ns"":796535543,""allocation_ns"":38169616,""fork_pause_ns"":61540813,""dirty_ns_max"":278556308,""minor_faults"":131168,""major_faults"":0,""cow_rss_bytes"":1285120000,""cow_pss_bytes"":682497024,""full_copy_bytes"":1073741824,""full_copy_ns"":433348107,""pss_to_full_copy_basis_points"":6356}"
2,bench-a6c32a7b-e437-4a70-8f8b-980d60e28a83,final_cow,134217728-8-10000-sample-0,supported,1039197450,,"{""ordinal"":0,""runtime_ns"":1039197450,""allocation_ns"":38021815,""fork_pause_ns"":42113763,""dirty_ns_max"":540315264,""minor_faults"":262240,""major_faults"":0,""cow_rss_bytes"":1285144576,""cow_pss_bytes"":1219339264,""full_copy_bytes"":1073741824,""full_copy_ns"":417800642,""pss_to_full_copy_basis_points"":11355}"
2,bench-a6c32a7b-e437-4a70-8f8b-980d60e28a83,final_cow,134217728-8-10000-sample-1,supported,1000174467,,"{""ordinal"":1,""runtime_ns"":1000174467,""allocation_ns"":38121256,""fork_pause_ns"":44436418,""dirty_ns_max"":515635298,""minor_faults"":262240,""major_faults"":0,""cow_rss_bytes"":1285054464,""cow_pss_bytes"":1219386368,""full_copy_bytes"":1073741824,""full_copy_ns"":388409124,""pss_to_full_copy_basis_points"":11356}"
2,bench-a6c32a7b-e437-4a70-8f8b-980d60e28a83,final_cow,134217728-8-10000-sample-2,supported,1095303464,,"{""ordinal"":2,""runtime_ns"":1095303464,""allocation_ns"":38106856,""fork_pause_ns"":38318417,""dirty_ns_max"":575225777,""minor_faults"":262240,""major_faults"":0,""cow_rss_bytes"":1285152768,""cow_pss_bytes"":1219357696,""full_copy_bytes"":1073741824,""full_copy_ns"":431347972,""pss_to_full_copy_basis_points"":11356}"
2,bench-a6c32a7b-e437-4a70-8f8b-980d60e28a83,final_cow,536870912-1-0-sample-0,supported,392531551,,"{""ordinal"":0,""runtime_ns"":392531551,""allocation_ns"":152714704,""fork_pause_ns"":10816593,""dirty_ns_max"":7205888,""minor_faults"":12,""major_faults"":0,""cow_rss_bytes"":1092755456,""cow_pss_bytes"":543906816,""full_copy_bytes"":536870912,""full_copy_ns"":201063267,""pss_to_full_copy_basis_points"":10131}"
2,bench-a6c32a7b-e437-4a70-8f8b-980d60e28a83,final_cow,536870912-1-0-sample-1,supported,392515352,,"{""ordinal"":1,""runtime_ns"":392515352,""allocation_ns"":151297015,""fork_pause_ns"":10877513,""dirty_ns_max"":7926054,""minor_faults"":12,""major_faults"":0,""cow_rss_bytes"":1092743168,""cow_pss_bytes"":543908864,""full_copy_bytes"":536870912,""full_copy_ns"":201238949,""pss_to_full_copy_basis_points"":10131}"
2,bench-a6c32a7b-e437-4a70-8f8b-980d60e28a83,final_cow,536870912-1-0-sample-2,supported,396432498,,"{""ordinal"":2,""runtime_ns"":396432498,""allocation_ns"":151445936,""fork_pause_ns"":10890233,""dirty_ns_max"":7641411,""minor_faults"":12,""major_faults"":0,""cow_rss_bytes"":1092755456,""cow_pss_bytes"":543906816,""full_copy_bytes"":536870912,""full_copy_ns"":205700778,""pss_to_full_copy_basis_points"":10131}"
2,bench-a6c32a7b-e437-4a70-8f8b-980d60e28a83,final_cow,536870912-1-100-sample-0,supported,395867733,,"{""ordinal"":0,""runtime_ns"":395867733,""allocation_ns"":151609096,""fork_pause_ns"":10444110,""dirty_ns_max"":12912046,""minor_faults"":1323,""major_faults"":0,""cow_rss_bytes"":1092755456,""cow_pss_bytes"":549284864,""full_copy_bytes"":536870912,""full_copy_ns"":198150128,""pss_to_full_copy_basis_points"":10231}"
2,bench-a6c32a7b-e437-4a70-8f8b-980d60e28a83,final_cow,536870912-1-100-sample-1,supported,392453150,,"{""ordinal"":1,""runtime_ns"":392453150,""allocation_ns"":150719930,""fork_pause_ns"":10652552,""dirty_ns_max"":12798085,""minor_faults"":1323,""major_faults"":0,""cow_rss_bytes"":1092755456,""cow_pss_bytes"":549286912,""full_copy_bytes"":536870912,""full_copy_ns"":197324882,""pss_to_full_copy_basis_points"":10231}"
2,bench-a6c32a7b-e437-4a70-8f8b-980d60e28a83,final_cow,536870912-1-100-sample-2,supported,399564318,,"{""ordinal"":2,""runtime_ns"":399564318,""allocation_ns"":150321128,""fork_pause_ns"":10523551,""dirty_ns_max"":13120288,""minor_faults"":1323,""major_faults"":0,""cow_rss_bytes"":1092747264,""cow_pss_bytes"":549286912,""full_copy_bytes"":536870912,""full_copy_ns"":204354289,""pss_to_full_copy_basis_points"":10231}"
2,bench-a6c32a7b-e437-4a70-8f8b-980d60e28a83,final_cow,536870912-1-1000-sample-0,supported,442082922,,"{""ordinal"":0,""runtime_ns"":442082922,""allocation_ns"":150654729,""fork_pause_ns"":10589351,""dirty_ns_max"":60015883,""minor_faults"":13120,""major_faults"":0,""cow_rss_bytes"":1092747264,""cow_pss_bytes"":597604352,""full_copy_bytes"":536870912,""full_copy_ns"":197779846,""pss_to_full_copy_basis_points"":11131}"
2,bench-a6c32a7b-e437-4a70-8f8b-980d60e28a83,final_cow,536870912-1-1000-sample-1,supported,441099196,,"{""ordinal"":1,""runtime_ns"":441099196,""allocation_ns"":150674090,""fork_pause_ns"":10570671,""dirty_ns_max"":58460592,""minor_faults"":13120,""major_faults"":0,""cow_rss_bytes"":1092743168,""cow_pss_bytes"":597601280,""full_copy_bytes"":536870912,""full_copy_ns"":199121174,""pss_to_full_copy_basis_points"":11131}"
2,bench-a6c32a7b-e437-4a70-8f8b-980d60e28a83,final_cow,536870912-1-1000-sample-2,supported,461436172,,"{""ordinal"":2,""runtime_ns"":461436172,""allocation_ns"":151228694,""fork_pause_ns"":10484231,""dirty_ns_max"":55767693,""minor_faults"":13120,""major_faults"":0,""cow_rss_bytes"":1092747264,""cow_pss_bytes"":597606400,""full_copy_bytes"":536870912,""full_copy_ns"":221723525,""pss_to_full_copy_basis_points"":11131}"
2,bench-a6c32a7b-e437-4a70-8f8b-980d60e28a83,final_cow,536870912-1-5000-sample-0,supported,641814421,,"{""ordinal"":0,""runtime_ns"":641814421,""allocation_ns"":150550289,""fork_pause_ns"":6308082,""dirty_ns_max"":249037668,""minor_faults"":65548,""major_faults"":0,""cow_rss_bytes"":1092784128,""cow_pss_bytes"":812354560,""full_copy_bytes"":536870912,""full_copy_ns"":211103055,""pss_to_full_copy_basis_points"":15131}"
2,bench-a6c32a7b-e437-4a70-8f8b-980d60e28a83,final_cow,536870912-1-5000-sample-1,supported,626869880,,"{""ordinal"":1,""runtime_ns"":626869880,""allocation_ns"":148176393,""fork_pause_ns"":6987887,""dirty_ns_max"":224779706,""minor_faults"":65548,""major_faults"":0,""cow_rss_bytes"":1092734976,""cow_pss_bytes"":812346368,""full_copy_bytes"":536870912,""full_copy_ns"":216968493,""pss_to_full_copy_basis_points"":15131}"
2,bench-a6c32a7b-e437-4a70-8f8b-980d60e28a83,final_cow,536870912-1-5000-sample-2,supported,649758033,,"{""ordinal"":2,""runtime_ns"":649758033,""allocation_ns"":150620610,""fork_pause_ns"":7944854,""dirty_ns_max"":247175616,""minor_faults"":65548,""major_faults"":0,""cow_rss_bytes"":1092734976,""cow_pss_bytes"":812349440,""full_copy_bytes"":536870912,""full_copy_ns"":218812985,""pss_to_full_copy_basis_points"":15131}"
2,bench-a6c32a7b-e437-4a70-8f8b-980d60e28a83,final_cow,536870912-1-10000-sample-0,supported,859906320,,"{""ordinal"":0,""runtime_ns"":859906320,""allocation_ns"":154977758,""fork_pause_ns"":9743785,""dirty_ns_max"":449230369,""minor_faults"":131084,""major_faults"":0,""cow_rss_bytes"":1092734976,""cow_pss_bytes"":1080780800,""full_copy_bytes"":536870912,""full_copy_ns"":214432117,""pss_to_full_copy_basis_points"":20131}"
2,bench-a6c32a7b-e437-4a70-8f8b-980d60e28a83,final_cow,536870912-1-10000-sample-1,supported,887164021,,"{""ordinal"":1,""runtime_ns"":887164021,""allocation_ns"":149316200,""fork_pause_ns"":9801066,""dirty_ns_max"":470909234,""minor_faults"":131084,""major_faults"":0,""cow_rss_bytes"":1092784128,""cow_pss_bytes"":1080790016,""full_copy_bytes"":536870912,""full_copy_ns"":225403269,""pss_to_full_copy_basis_points"":20131}"
2,bench-a6c32a7b-e437-4a70-8f8b-980d60e28a83,final_cow,536870912-1-10000-sample-2,supported,857364541,,"{""ordinal"":2,""runtime_ns"":857364541,""allocation_ns"":150495328,""fork_pause_ns"":9760225,""dirty_ns_max"":451974186,""minor_faults"":131084,""major_faults"":0,""cow_rss_bytes"":1092755456,""cow_pss_bytes"":1080785920,""full_copy_bytes"":536870912,""full_copy_ns"":212677864,""pss_to_full_copy_basis_points"":20131}"
2,bench-a6c32a7b-e437-4a70-8f8b-980d60e28a83,final_cow,536870912-2-0-sample-0,supported,711179562,,"{""ordinal"":0,""runtime_ns"":711179562,""allocation_ns"":160616876,""fork_pause_ns"":24802326,""dirty_ns_max"":12146361,""minor_faults"":23,""major_faults"":0,""cow_rss_bytes"":1637994496,""cow_pss_bytes"":605117440,""full_copy_bytes"":1073741824,""full_copy_ns"":496262483,""pss_to_full_copy_basis_points"":5635}"
2,bench-a6c32a7b-e437-4a70-8f8b-980d60e28a83,final_cow,536870912-2-0-sample-1,supported,677945019,,"{""ordinal"":1,""runtime_ns"":677945019,""allocation_ns"":163504055,""fork_pause_ns"":27779426,""dirty_ns_max"":14687699,""minor_faults"":23,""major_faults"":0,""cow_rss_bytes"":1637994496,""cow_pss_bytes"":598146048,""full_copy_bytes"":1073741824,""full_copy_ns"":451437903,""pss_to_full_copy_basis_points"":5570}"
2,bench-a6c32a7b-e437-4a70-8f8b-980d60e28a83,final_cow,536870912-2-0-sample-2,supported,1131173533,,"{""ordinal"":2,""runtime_ns"":1131173533,""allocation_ns"":183832271,""fork_pause_ns"":270472451,""dirty_ns_max"":202073753,""minor_faults"":23,""major_faults"":0,""cow_rss_bytes"":1637937152,""cow_pss_bytes"":628421632,""full_copy_bytes"":1073741824,""full_copy_ns"":560199590,""pss_to_full_copy_basis_points"":5852}"
2,bench-a6c32a7b-e437-4a70-8f8b-980d60e28a83,final_cow,536870912-2-100-sample-0,supported,698077392,,"{""ordinal"":0,""runtime_ns"":698077392,""allocation_ns"":157116251,""fork_pause_ns"":19482291,""dirty_ns_max"":14193215,""minor_faults"":2646,""major_faults"":0,""cow_rss_bytes"":1637994496,""cow_pss_bytes"":554811392,""full_copy_bytes"":1073741824,""full_copy_ns"":485069087,""pss_to_full_copy_basis_points"":5167}"
2,bench-a6c32a7b-e437-4a70-8f8b-980d60e28a83,final_cow,536870912-2-100-sample-1,supported,622829169,,"{""ordinal"":1,""runtime_ns"":622829169,""allocation_ns"":150983211,""fork_pause_ns"":29619318,""dirty_ns_max"":24133082,""minor_faults"":2646,""major_faults"":0,""cow_rss_bytes"":1637924864,""cow_pss_bytes"":554805248,""full_copy_bytes"":1073741824,""full_copy_ns"":400735602,""pss_to_full_copy_basis_points"":5167}"
2,bench-a6c32a7b-e437-4a70-8f8b-980d60e28a83,final_cow,536870912-2-100-sample-2,supported,632580514,,"{""ordinal"":2,""runtime_ns"":632580514,""allocation_ns"":152918824,""fork_pause_ns"":32192656,""dirty_ns_max"":26784619,""minor_faults"":2646,""major_faults"":0,""cow_rss_bytes"":1637937152,""cow_pss_bytes"":554817536,""full_copy_bytes"":1073741824,""full_copy_ns"":400125077,""pss_to_full_copy_basis_points"":5167}"
2,bench-a6c32a7b-e437-4a70-8f8b-980d60e28a83,final_cow,536870912-2-1000-sample-0,supported,825357643,,"{""ordinal"":0,""runtime_ns"":825357643,""allocation_ns"":214013032,""fork_pause_ns"":29328276,""dirty_ns_max"":110264097,""minor_faults"":26240,""major_faults"":0,""cow_rss_bytes"":1637933056,""cow_pss_bytes"":651412480,""full_copy_bytes"":1073741824,""full_copy_ns"":440123985,""pss_to_full_copy_basis_points"":6066}"
2,bench-a6c32a7b-e437-4a70-8f8b-980d60e28a83,final_cow,536870912-2-1000-sample-1,supported,873392444,,"{""ordinal"":1,""runtime_ns"":873392444,""allocation_ns"":189637349,""fork_pause_ns"":28809873,""dirty_ns_max"":114974529,""minor_faults"":26240,""major_faults"":0,""cow_rss_bytes"":1637928960,""cow_pss_bytes"":651689984,""full_copy_bytes"":1073741824,""full_copy_ns"":510583696,""pss_to_full_copy_basis_points"":6069}"
2,bench-a6c32a7b-e437-4a70-8f8b-980d60e28a83,final_cow,536870912-2-1000-sample-2,supported,680589074,,"{""ordinal"":2,""runtime_ns"":680589074,""allocation_ns"":155331040,""fork_pause_ns"":19563571,""dirty_ns_max"":68511778,""minor_faults"":26240,""major_faults"":0,""cow_rss_bytes"":1637916672,""cow_pss_bytes"":651681792,""full_copy_bytes"":1073741824,""full_copy_ns"":410627787,""pss_to_full_copy_basis_points"":6069}"
2,bench-a6c32a7b-e437-4a70-8f8b-980d60e28a83,final_cow,536870912-2-5000-sample-0,supported,1497887540,,"{""ordinal"":0,""runtime_ns"":1497887540,""allocation_ns"":188765463,""fork_pause_ns"":37059247,""dirty_ns_max"":830328634,""minor_faults"":131096,""major_faults"":0,""cow_rss_bytes"":1637937152,""cow_pss_bytes"":1081154560,""full_copy_bytes"":1073741824,""full_copy_ns"":429501513,""pss_to_full_copy_basis_points"":10069}"
2,bench-a6c32a7b-e437-4a70-8f8b-980d60e28a83,final_cow,536870912-2-5000-sample-1,supported,1072539133,,"{""ordinal"":1,""runtime_ns"":1072539133,""allocation_ns"":154513273,""fork_pause_ns"":38233816,""dirty_ns_max"":427396498,""minor_faults"":131096,""major_faults"":0,""cow_rss_bytes"":1637937152,""cow_pss_bytes"":1081184256,""full_copy_bytes"":1073741824,""full_copy_ns"":417805355,""pss_to_full_copy_basis_points"":10069}"
2,bench-a6c32a7b-e437-4a70-8f8b-980d60e28a83,final_cow,536870912-2-5000-sample-2,supported,1193885944,,"{""ordinal"":2,""runtime_ns"":1193885944,""allocation_ns"":163959496,""fork_pause_ns"":52207509,""dirty_ns_max"":487755462,""minor_faults"":131096,""major_faults"":0,""cow_rss_bytes"":1637994496,""cow_pss_bytes"":1081141248,""full_copy_bytes"":1073741824,""full_copy_ns"":497254006,""pss_to_full_copy_basis_points"":10068}"
2,bench-a6c32a7b-e437-4a70-8f8b-980d60e28a83,final_cow,536870912-2-10000-sample-0,supported,1609704283,,"{""ordinal"":0,""runtime_ns"":1609704283,""allocation_ns"":164977943,""fork_pause_ns"":28119268,""dirty_ns_max"":921537962,""minor_faults"":262168,""major_faults"":0,""cow_rss_bytes"":1637912576,""cow_pss_bytes"":1618041856,""full_copy_bytes"":1073741824,""full_copy_ns"":452217584,""pss_to_full_copy_basis_points"":15069}"
2,bench-a6c32a7b-e437-4a70-8f8b-980d60e28a83,final_cow,536870912-2-10000-sample-1,supported,1169942022,,"{""ordinal"":1,""runtime_ns"":1169942022,""allocation_ns"":151067970,""fork_pause_ns"":18241602,""dirty_ns_max"":516015250,""minor_faults"":262168,""major_faults"":0,""cow_rss_bytes"":1637933056,""cow_pss_bytes"":1617995776,""full_copy_bytes"":1073741824,""full_copy_ns"":451952582,""pss_to_full_copy_basis_points"":15068}"
2,bench-a6c32a7b-e437-4a70-8f8b-980d60e28a83,final_cow,536870912-2-10000-sample-2,supported,1910893852,,"{""ordinal"":2,""runtime_ns"":1910893852,""allocation_ns"":152412059,""fork_pause_ns"":26416297,""dirty_ns_max"":1195934233,""minor_faults"":262168,""major_faults"":0,""cow_rss_bytes"":1637941248,""cow_pss_bytes"":1618030592,""full_copy_bytes"":1073741824,""full_copy_ns"":470571385,""pss_to_full_copy_basis_points"":15069}"
2,bench-a6c32a7b-e437-4a70-8f8b-980d60e28a83,final_cow,536870912-4-0-sample-0,supported,1115456814,,"{""ordinal"":0,""runtime_ns"":1115456814,""allocation_ns"":153497065,""fork_pause_ns"":37474450,""dirty_ns_max"":7153167,""minor_faults"":45,""major_faults"":0,""cow_rss_bytes"":2728284160,""cow_pss_bytes"":793955328,""full_copy_bytes"":2147483648,""full_copy_ns"":883672066,""pss_to_full_copy_basis_points"":3697}"
2,bench-a6c32a7b-e437-4a70-8f8b-980d60e28a83,final_cow,536870912-4-0-sample-1,supported,1044807301,,"{""ordinal"":1,""runtime_ns"":1044807301,""allocation_ns"":165104463,""fork_pause_ns"":50354617,""dirty_ns_max"":14981700,""minor_faults"":45,""major_faults"":0,""cow_rss_bytes"":2728288256,""cow_pss_bytes"":781987840,""full_copy_bytes"":2147483648,""full_copy_ns"":787278500,""pss_to_full_copy_basis_points"":3641}"
2,bench-a6c32a7b-e437-4a70-8f8b-980d60e28a83,final_cow,536870912-4-0-sample-2,supported,1047208036,,"{""ordinal"":2,""runtime_ns"":1047208036,""allocation_ns"":153023022,""fork_pause_ns"":54923487,""dirty_ns_max"":35065034,""minor_faults"":45,""major_faults"":0,""cow_rss_bytes"":2728394752,""cow_pss_bytes"":703504384,""full_copy_bytes"":2147483648,""full_copy_ns"":781020418,""pss_to_full_copy_basis_points"":3275}"
2,bench-a6c32a7b-e437-4a70-8f8b-980d60e28a83,final_cow,536870912-4-100-sample-0,supported,1185698760,,"{""ordinal"":0,""runtime_ns"":1185698760,""allocation_ns"":191430839,""fork_pause_ns"":32499937,""dirty_ns_max"":17243355,""minor_faults"":5292,""major_faults"":0,""cow_rss_bytes"":2728300544,""cow_pss_bytes"":638708736,""full_copy_bytes"":2147483648,""full_copy_ns"":917901771,""pss_to_full_copy_basis_points"":2974}"
2,bench-a6c32a7b-e437-4a70-8f8b-980d60e28a83,final_cow,536870912-4-100-sample-1,supported,1072250322,,"{""ordinal"":1,""runtime_ns"":1072250322,""allocation_ns"":152897862,""fork_pause_ns"":35223075,""dirty_ns_max"":18890926,""minor_faults"":5292,""major_faults"":0,""cow_rss_bytes"":2728230912,""cow_pss_bytes"":638722048,""full_copy_bytes"":2147483648,""full_copy_ns"":840132491,""pss_to_full_copy_basis_points"":2974}"
2,bench-a6c32a7b-e437-4a70-8f8b-980d60e28a83,final_cow,536870912-4-100-sample-2,supported,1092812417,,"{""ordinal"":2,""runtime_ns"":1092812417,""allocation_ns"":152573899,""fork_pause_ns"":72320563,""dirty_ns_max"":68251696,""minor_faults"":5292,""major_faults"":0,""cow_rss_bytes"":2728415232,""cow_pss_bytes"":594040832,""full_copy_bytes"":2147483648,""full_copy_ns"":807329711,""pss_to_full_copy_basis_points"":2766}"
2,bench-a6c32a7b-e437-4a70-8f8b-980d60e28a83,final_cow,536870912-4-1000-sample-0,supported,1288457803,,"{""ordinal"":0,""runtime_ns"":1288457803,""allocation_ns"":159780387,""fork_pause_ns"":34811632,""dirty_ns_max"":132690766,""minor_faults"":52480,""major_faults"":0,""cow_rss_bytes"":2728267776,""cow_pss_bytes"":760355840,""full_copy_bytes"":2147483648,""full_copy_ns"":938050503,""pss_to_full_copy_basis_points"":3540}"
2,bench-a6c32a7b-e437-4a70-8f8b-980d60e28a83,final_cow,536870912-4-1000-sample-1,supported,1192404640,,"{""ordinal"":1,""runtime_ns"":1192404640,""allocation_ns"":151569252,""fork_pause_ns"":37892373,""dirty_ns_max"":127278770,""minor_faults"":52480,""major_faults"":0,""cow_rss_bytes"":2728435712,""cow_pss_bytes"":760395776,""full_copy_bytes"":2147483648,""full_copy_ns"":848910307,""pss_to_full_copy_basis_points"":3540}"
2,bench-a6c32a7b-e437-4a70-8f8b-980d60e28a83,final_cow,536870912-4-1000-sample-2,supported,1390102199,,"{""ordinal"":2,""runtime_ns"":1390102199,""allocation_ns"":153125702,""fork_pause_ns"":97376610,""dirty_ns_max"":287044395,""minor_faults"":52480,""major_faults"":0,""cow_rss_bytes"":2728300544,""cow_pss_bytes"":760409088,""full_copy_bytes"":2147483648,""full_copy_ns"":867098428,""pss_to_full_copy_basis_points"":3540}"
2,bench-a6c32a7b-e437-4a70-8f8b-980d60e28a83,final_cow,536870912-4-5000-sample-0,supported,1789622063,,"{""ordinal"":0,""runtime_ns"":1789622063,""allocation_ns"":238053389,""fork_pause_ns"":43888773,""dirty_ns_max"":593960724,""minor_faults"":262192,""major_faults"":0,""cow_rss_bytes"":2728292352,""cow_pss_bytes"":1619348480,""full_copy_bytes"":2147483648,""full_copy_ns"":874201394,""pss_to_full_copy_basis_points"":7540}"
2,bench-a6c32a7b-e437-4a70-8f8b-980d60e28a83,final_cow,536870912-4-5000-sample-1,supported,2342595310,,"{""ordinal"":1,""runtime_ns"":2342595310,""allocation_ns"":159329184,""fork_pause_ns"":84882526,""dirty_ns_max"":1160180580,""minor_faults"":262192,""major_faults"":0,""cow_rss_bytes"":2728300544,""cow_pss_bytes"":1619381248,""full_copy_bytes"":2147483648,""full_copy_ns"":901504215,""pss_to_full_copy_basis_points"":7540}"
2,bench-a6c32a7b-e437-4a70-8f8b-980d60e28a83,final_cow,536870912-4-5000-sample-2,supported,1569643590,,"{""ordinal"":2,""runtime_ns"":1569643590,""allocation_ns"":153015701,""fork_pause_ns"":48205962,""dirty_ns_max"":502327670,""minor_faults"":262192,""major_faults"":0,""cow_rss_bytes"":2728288256,""cow_pss_bytes"":1619345408,""full_copy_bytes"":2147483648,""full_copy_ns"":835372172,""pss_to_full_copy_basis_points"":7540}"
2,bench-a6c32a7b-e437-4a70-8f8b-980d60e28a83,final_cow,536870912-4-10000-sample-0,supported,2857184573,,"{""ordinal"":0,""runtime_ns"":2857184573,""allocation_ns"":152436897,""fork_pause_ns"":67505090,""dirty_ns_max"":1748486500,""minor_faults"":524336,""major_faults"":0,""cow_rss_bytes"":2728415232,""cow_pss_bytes"":2693100544,""full_copy_bytes"":2147483648,""full_copy_ns"":853735134,""pss_to_full_copy_basis_points"":12540}"
2,bench-a6c32a7b-e437-4a70-8f8b-980d60e28a83,final_cow,536870912-4-10000-sample-1,supported,3074507496,,"{""ordinal"":1,""runtime_ns"":3074507496,""allocation_ns"":162901887,""fork_pause_ns"":79185488,""dirty_ns_max"":1963475888,""minor_faults"":524336,""major_faults"":0,""cow_rss_bytes"":2728288256,""cow_pss_bytes"":2693111808,""full_copy_bytes"":2147483648,""full_copy_ns"":786008440,""pss_to_full_copy_basis_points"":12540}"
2,bench-a6c32a7b-e437-4a70-8f8b-980d60e28a83,final_cow,536870912-4-10000-sample-2,supported,2282012048,,"{""ordinal"":2,""runtime_ns"":2282012048,""allocation_ns"":161983200,""fork_pause_ns"":60536364,""dirty_ns_max"":1152231639,""minor_faults"":524336,""major_faults"":0,""cow_rss_bytes"":2728300544,""cow_pss_bytes"":2693091328,""full_copy_bytes"":2147483648,""full_copy_ns"":805536448,""pss_to_full_copy_basis_points"":12540}"
2,bench-a6c32a7b-e437-4a70-8f8b-980d60e28a83,final_cow,536870912-8-0-sample-0,supported,2042722370,,"{""ordinal"":0,""runtime_ns"":2042722370,""allocation_ns"":188556257,""fork_pause_ns"":87931306,""dirty_ns_max"":10252429,""minor_faults"":89,""major_faults"":0,""cow_rss_bytes"":4909027328,""cow_pss_bytes"":993307648,""full_copy_bytes"":4294967296,""full_copy_ns"":1691493109,""pss_to_full_copy_basis_points"":2312}"
2,bench-a6c32a7b-e437-4a70-8f8b-980d60e28a83,final_cow,536870912-8-0-sample-1,supported,1981484478,,"{""ordinal"":1,""runtime_ns"":1981484478,""allocation_ns"":154001506,""fork_pause_ns"":122851938,""dirty_ns_max"":28421869,""minor_faults"":89,""major_faults"":0,""cow_rss_bytes"":4908998656,""cow_pss_bytes"":990073856,""full_copy_bytes"":4294967296,""full_copy_ns"":1625166145,""pss_to_full_copy_basis_points"":2305}"
2,bench-a6c32a7b-e437-4a70-8f8b-980d60e28a83,final_cow,536870912-8-0-sample-2,supported,1940908005,,"{""ordinal"":2,""runtime_ns"":1940908005,""allocation_ns"":164383135,""fork_pause_ns"":72694564,""dirty_ns_max"":6856285,""minor_faults"":89,""major_faults"":0,""cow_rss_bytes"":4909223936,""cow_pss_bytes"":993805312,""full_copy_bytes"":4294967296,""full_copy_ns"":1635255570,""pss_to_full_copy_basis_points"":2313}"
2,bench-a6c32a7b-e437-4a70-8f8b-980d60e28a83,final_cow,536870912-8-100-sample-0,supported,2037870568,,"{""ordinal"":0,""runtime_ns"":2037870568,""allocation_ns"":149942478,""fork_pause_ns"":148131026,""dirty_ns_max"":61222447,""minor_faults"":10584,""major_faults"":0,""cow_rss_bytes"":4908933120,""cow_pss_bytes"":879145984,""full_copy_bytes"":4294967296,""full_copy_ns"":1624455736,""pss_to_full_copy_basis_points"":2046}"
2,bench-a6c32a7b-e437-4a70-8f8b-980d60e28a83,final_cow,536870912-8-100-sample-1,supported,2062088565,,"{""ordinal"":1,""runtime_ns"":2062088565,""allocation_ns"":191179792,""fork_pause_ns"":80830098,""dirty_ns_max"":22167747,""minor_faults"":10584,""major_faults"":0,""cow_rss_bytes"":4909023232,""cow_pss_bytes"":844759040,""full_copy_bytes"":4294967296,""full_copy_ns"":1721533659,""pss_to_full_copy_basis_points"":1966}"
2,bench-a6c32a7b-e437-4a70-8f8b-980d60e28a83,final_cow,536870912-8-100-sample-2,supported,1972157084,,"{""ordinal"":2,""runtime_ns"":1972157084,""allocation_ns"":151324967,""fork_pause_ns"":75734624,""dirty_ns_max"":13857732,""minor_faults"":10584,""major_faults"":0,""cow_rss_bytes"":4908998656,""cow_pss_bytes"":893709312,""full_copy_bytes"":4294967296,""full_copy_ns"":1680317382,""pss_to_full_copy_basis_points"":2080}"
2,bench-a6c32a7b-e437-4a70-8f8b-980d60e28a83,final_cow,536870912-8-1000-sample-0,supported,2229216871,,"{""ordinal"":0,""runtime_ns"":2229216871,""allocation_ns"":151850091,""fork_pause_ns"":186232359,""dirty_ns_max"":225815262,""minor_faults"":104960,""major_faults"":0,""cow_rss_bytes"":4908982272,""cow_pss_bytes"":978860032,""full_copy_bytes"":4294967296,""full_copy_ns"":1698386059,""pss_to_full_copy_basis_points"":2279}"
2,bench-a6c32a7b-e437-4a70-8f8b-980d60e28a83,final_cow,536870912-8-1000-sample-1,supported,2234959185,,"{""ordinal"":1,""runtime_ns"":2234959185,""allocation_ns"":156640282,""fork_pause_ns"":168670122,""dirty_ns_max"":213860622,""minor_faults"":104960,""major_faults"":0,""cow_rss_bytes"":4909031424,""cow_pss_bytes"":977844224,""full_copy_bytes"":4294967296,""full_copy_ns"":1701355676,""pss_to_full_copy_basis_points"":2276}"
2,bench-a6c32a7b-e437-4a70-8f8b-980d60e28a83,final_cow,536870912-8-1000-sample-2,supported,2217826067,,"{""ordinal"":2,""runtime_ns"":2217826067,""allocation_ns"":156825122,""fork_pause_ns"":256298824,""dirty_ns_max"":220976829,""minor_faults"":104960,""major_faults"":0,""cow_rss_bytes"":4909223936,""cow_pss_bytes"":1025379328,""full_copy_bytes"":4294967296,""full_copy_ns"":1634845832,""pss_to_full_copy_basis_points"":2387}"
2,bench-a6c32a7b-e437-4a70-8f8b-980d60e28a83,final_cow,536870912-8-5000-sample-0,supported,3090570144,,"{""ordinal"":0,""runtime_ns"":3090570144,""allocation_ns"":155333632,""fork_pause_ns"":192653681,""dirty_ns_max"":1132836130,""minor_faults"":524384,""major_faults"":0,""cow_rss_bytes"":4909019136,""cow_pss_bytes"":2695780352,""full_copy_bytes"":4294967296,""full_copy_ns"":1573481341,""pss_to_full_copy_basis_points"":6276}"
2,bench-a6c32a7b-e437-4a70-8f8b-980d60e28a83,final_cow,536870912-8-5000-sample-1,supported,3216224733,,"{""ordinal"":1,""runtime_ns"":3216224733,""allocation_ns"":153072857,""fork_pause_ns"":239700712,""dirty_ns_max"":1191128714,""minor_faults"":524384,""major_faults"":0,""cow_rss_bytes"":4909019136,""cow_pss_bytes"":2695731200,""full_copy_bytes"":4294967296,""full_copy_ns"":1696626036,""pss_to_full_copy_basis_points"":6276}"
2,bench-a6c32a7b-e437-4a70-8f8b-980d60e28a83,final_cow,536870912-8-5000-sample-2,supported,3277256890,,"{""ordinal"":2,""runtime_ns"":3277256890,""allocation_ns"":153419419,""fork_pause_ns"":194109489,""dirty_ns_max"":1145730490,""minor_faults"":524384,""major_faults"":0,""cow_rss_bytes"":4908994560,""cow_pss_bytes"":2695748608,""full_copy_bytes"":4294967296,""full_copy_ns"":1685831560,""pss_to_full_copy_basis_points"":6276}"
2,bench-a6c32a7b-e437-4a70-8f8b-980d60e28a83,final_cow,536870912-8-10000,skipped,0,estimated peak 5704253440 exceeds safety budget 4294967296,"{""key"":{""allocation_bytes"":536870912,""fanout"":8,""dirty_basis_points"":10000},""status"":""skipped"",""estimated_peak_bytes"":5704253440,""diagnostic"":{""code"":""memory_preflight"",""detail"":""estimated peak 5704253440 exceeds safety budget 4294967296""},""samples"":[],""summary"":null}"
2,bench-a6c32a7b-e437-4a70-8f8b-980d60e28a83,final_cow,1073741824-1-0-sample-0,supported,835626870,,"{""ordinal"":0,""runtime_ns"":835626870,""allocation_ns"":338212407,""fork_pause_ns"":23683197,""dirty_ns_max"":17212994,""minor_faults"":14,""major_faults"":0,""cow_rss_bytes"":2166525952,""cow_pss_bytes"":1080767488,""full_copy_bytes"":1073741824,""full_copy_ns"":414751034,""pss_to_full_copy_basis_points"":10065}"
2,bench-a6c32a7b-e437-4a70-8f8b-980d60e28a83,final_cow,1073741824-1-0-sample-1,supported,916598207,,"{""ordinal"":1,""runtime_ns"":916598207,""allocation_ns"":417398692,""fork_pause_ns"":20885978,""dirty_ns_max"":16064587,""minor_faults"":14,""major_faults"":0,""cow_rss_bytes"":2166489088,""cow_pss_bytes"":1080773632,""full_copy_bytes"":1073741824,""full_copy_ns"":421306318,""pss_to_full_copy_basis_points"":10065}"
2,bench-a6c32a7b-e437-4a70-8f8b-980d60e28a83,final_cow,1073741824-1-0-sample-2,supported,810942145,,"{""ordinal"":2,""runtime_ns"":810942145,""allocation_ns"":314993732,""fork_pause_ns"":20759298,""dirty_ns_max"":15618903,""minor_faults"":14,""major_faults"":0,""cow_rss_bytes"":2166525952,""cow_pss_bytes"":1080771584,""full_copy_bytes"":1073741824,""full_copy_ns"":417972175,""pss_to_full_copy_basis_points"":10065}"
2,bench-a6c32a7b-e437-4a70-8f8b-980d60e28a83,final_cow,1073741824-1-100-sample-0,supported,823382226,,"{""ordinal"":0,""runtime_ns"":823382226,""allocation_ns"":312815957,""fork_pause_ns"":20959859,""dirty_ns_max"":26385696,""minor_faults"":2634,""major_faults"":0,""cow_rss_bytes"":2166493184,""cow_pss_bytes"":1091521536,""full_copy_bytes"":1073741824,""full_copy_ns"":421121956,""pss_to_full_copy_basis_points"":10165}"
2,bench-a6c32a7b-e437-4a70-8f8b-980d60e28a83,final_cow,1073741824-1-100-sample-1,supported,851408852,,"{""ordinal"":1,""runtime_ns"":851408852,""allocation_ns"":323210465,""fork_pause_ns"":24495242,""dirty_ns_max"":29491916,""minor_faults"":2634,""major_faults"":0,""cow_rss_bytes"":2166525952,""cow_pss_bytes"":1091520512,""full_copy_bytes"":1073741824,""full_copy_ns"":417774814,""pss_to_full_copy_basis_points"":10165}"
2,bench-a6c32a7b-e437-4a70-8f8b-980d60e28a83,final_cow,1073741824-1-100-sample-2,supported,827058330,,"{""ordinal"":2,""runtime_ns"":827058330,""allocation_ns"":320101845,""fork_pause_ns"":21994386,""dirty_ns_max"":27353382,""minor_faults"":2634,""major_faults"":0,""cow_rss_bytes"":2166493184,""cow_pss_bytes"":1091521536,""full_copy_bytes"":1073741824,""full_copy_ns"":413977548,""pss_to_full_copy_basis_points"":10165}"
2,bench-a6c32a7b-e437-4a70-8f8b-980d60e28a83,final_cow,1073741824-1-1000-sample-0,supported,930500056,,"{""ordinal"":0,""runtime_ns"":930500056,""allocation_ns"":320059125,""fork_pause_ns"":23123513,""dirty_ns_max"":120897202,""minor_faults"":26227,""major_faults"":0,""cow_rss_bytes"":2166489088,""cow_pss_bytes"":1188158464,""full_copy_bytes"":1073741824,""full_copy_ns"":414622752,""pss_to_full_copy_basis_points"":11065}"
2,bench-a6c32a7b-e437-4a70-8f8b-980d60e28a83,final_cow,1073741824-1-1000-sample-1,supported,921095913,,"{""ordinal"":1,""runtime_ns"":921095913,""allocation_ns"":318975957,""fork_pause_ns"":23172194,""dirty_ns_max"":115645848,""minor_faults"":26227,""major_faults"":0,""cow_rss_bytes"":2166525952,""cow_pss_bytes"":1188160512,""full_copy_bytes"":1073741824,""full_copy_ns"":416535325,""pss_to_full_copy_basis_points"":11065}"
2,bench-a6c32a7b-e437-4a70-8f8b-980d60e28a83,final_cow,1073741824-1-1000-sample-2,supported,917037085,,"{""ordinal"":2,""runtime_ns"":917037085,""allocation_ns"":323781548,""fork_pause_ns"":22953752,""dirty_ns_max"":112098264,""minor_faults"":26227,""major_faults"":0,""cow_rss_bytes"":2166480896,""cow_pss_bytes"":1188154368,""full_copy_bytes"":1073741824,""full_copy_ns"":410768366,""pss_to_full_copy_basis_points"":11065}"
2,bench-a6c32a7b-e437-4a70-8f8b-980d60e28a83,final_cow,1073741824-1-5000-sample-0,supported,1349378673,,"{""ordinal"":0,""runtime_ns"":1349378673,""allocation_ns"":333544693,""fork_pause_ns"":22975393,""dirty_ns_max"":508025771,""minor_faults"":131084,""major_faults"":0,""cow_rss_bytes"":2166493184,""cow_pss_bytes"":1617654784,""full_copy_bytes"":1073741824,""full_copy_ns"":430909699,""pss_to_full_copy_basis_points"":15065}"
2,bench-a6c32a7b-e437-4a70-8f8b-980d60e28a83,final_cow,1073741824-1-5000-sample-1,supported,1323848903,,"{""ordinal"":1,""runtime_ns"":1323848903,""allocation_ns"":312681795,""fork_pause_ns"":22927432,""dirty_ns_max"":498733708,""minor_faults"":131084,""major_faults"":0,""cow_rss_bytes"":2166525952,""cow_pss_bytes"":1617654784,""full_copy_bytes"":1073741824,""full_copy_ns"":433272674,""pss_to_full_copy_basis_points"":15065}"
2,bench-a6c32a7b-e437-4a70-8f8b-980d60e28a83,final_cow,1073741824-1-5000-sample-2,supported,1337179589,,"{""ordinal"":2,""runtime_ns"":1337179589,""allocation_ns"":309916256,""fork_pause_ns"":23159554,""dirty_ns_max"":509703501,""minor_faults"":131084,""major_faults"":0,""cow_rss_bytes"":2166484992,""cow_pss_bytes"":1617648640,""full_copy_bytes"":1073741824,""full_copy_ns"":441679689,""pss_to_full_copy_basis_points"":15065}"
2,bench-a6c32a7b-e437-4a70-8f8b-980d60e28a83,final_cow,1073741824-1-10000-sample-0,supported,1847069169,,"{""ordinal"":0,""runtime_ns"":1847069169,""allocation_ns"":321993415,""fork_pause_ns"":22223627,""dirty_ns_max"":1024461194,""minor_faults"":262156,""major_faults"":0,""cow_rss_bytes"":2166480896,""cow_pss_bytes"":2154520576,""full_copy_bytes"":1073741824,""full_copy_ns"":396361749,""pss_to_full_copy_basis_points"":20065}"
2,bench-a6c32a7b-e437-4a70-8f8b-980d60e28a83,final_cow,1073741824-1-10000-sample-1,supported,1844011066,,"{""ordinal"":1,""runtime_ns"":1844011066,""allocation_ns"":307816281,""fork_pause_ns"":22882832,""dirty_ns_max"":1006564473,""minor_faults"":262156,""major_faults"":0,""cow_rss_bytes"":2166493184,""cow_pss_bytes"":2154519552,""full_copy_bytes"":1073741824,""full_copy_ns"":435991451,""pss_to_full_copy_basis_points"":20065}"
2,bench-a6c32a7b-e437-4a70-8f8b-980d60e28a83,final_cow,1073741824-1-10000-sample-2,supported,1865389965,,"{""ordinal"":2,""runtime_ns"":1865389965,""allocation_ns"":313609479,""fork_pause_ns"":22550950,""dirty_ns_max"":1022498498,""minor_faults"":262156,""major_faults"":0,""cow_rss_bytes"":2166525952,""cow_pss_bytes"":2154523648,""full_copy_bytes"":1073741824,""full_copy_ns"":434107397,""pss_to_full_copy_basis_points"":20065}"
2,bench-a6c32a7b-e437-4a70-8f8b-980d60e28a83,final_cow,1073741824-2-0-sample-0,supported,1305405692,,"{""ordinal"":0,""runtime_ns"":1305405692,""allocation_ns"":312239830,""fork_pause_ns"":42260760,""dirty_ns_max"":16711191,""minor_faults"":27,""major_faults"":0,""cow_rss_bytes"":3248541696,""cow_pss_bytes"":1232043008,""full_copy_bytes"":2147483648,""full_copy_ns"":887202520,""pss_to_full_copy_basis_points"":5737}"
2,bench-a6c32a7b-e437-4a70-8f8b-980d60e28a83,final_cow,1073741824-2-0-sample-1,supported,1287407531,,"{""ordinal"":1,""runtime_ns"":1287407531,""allocation_ns"":310649858,""fork_pause_ns"":42218960,""dirty_ns_max"":17884959,""minor_faults"":27,""major_faults"":0,""cow_rss_bytes"":3248533504,""cow_pss_bytes"":1248726016,""full_copy_bytes"":2147483648,""full_copy_ns"":867163867,""pss_to_full_copy_basis_points"":5814}"
2,bench-a6c32a7b-e437-4a70-8f8b-980d60e28a83,final_cow,1073741824-2-0-sample-2,supported,1280138282,,"{""ordinal"":2,""runtime_ns"":1280138282,""allocation_ns"":310214856,""fork_pause_ns"":42566482,""dirty_ns_max"":17243035,""minor_faults"":27,""major_faults"":0,""cow_rss_bytes"":3248541696,""cow_pss_bytes"":1244711936,""full_copy_bytes"":2147483648,""full_copy_ns"":861330347,""pss_to_full_copy_basis_points"":5796}"
2,bench-a6c32a7b-e437-4a70-8f8b-980d60e28a83,final_cow,1073741824-2-100-sample-0,supported,1288860978,,"{""ordinal"":0,""runtime_ns"":1288860978,""allocation_ns"":310349216,""fork_pause_ns"":35052992,""dirty_ns_max"":21749144,""minor_faults"":5268,""major_faults"":0,""cow_rss_bytes"":3248549888,""cow_pss_bytes"":1103177728,""full_copy_bytes"":2147483648,""full_copy_ns"":877924616,""pss_to_full_copy_basis_points"":5137}"
2,bench-a6c32a7b-e437-4a70-8f8b-980d60e28a83,final_cow,1073741824-2-100-sample-1,supported,1287201806,,"{""ordinal"":1,""runtime_ns"":1287201806,""allocation_ns"":325259915,""fork_pause_ns"":41964558,""dirty_ns_max"":36639563,""minor_faults"":5268,""major_faults"":0,""cow_rss_bytes"":3248607232,""cow_pss_bytes"":1103170560,""full_copy_bytes"":2147483648,""full_copy_ns"":830421940,""pss_to_full_copy_basis_points"":5137}"
2,bench-a6c32a7b-e437-4a70-8f8b-980d60e28a83,final_cow,1073741824-2-100-sample-2,supported,1251492809,,"{""ordinal"":2,""runtime_ns"":1251492809,""allocation_ns"":312696912,""fork_pause_ns"":41860238,""dirty_ns_max"":25903331,""minor_faults"":5268,""major_faults"":0,""cow_rss_bytes"":3248533504,""cow_pss_bytes"":1103165440,""full_copy_bytes"":2147483648,""full_copy_ns"":821379039,""pss_to_full_copy_basis_points"":5137}"
2,bench-a6c32a7b-e437-4a70-8f8b-980d60e28a83,final_cow,1073741824-2-1000-sample-0,supported,1449759480,,"{""ordinal"":0,""runtime_ns"":1449759480,""allocation_ns"":312312028,""fork_pause_ns"":44752417,""dirty_ns_max"":238478219,""minor_faults"":52454,""major_faults"":0,""cow_rss_bytes"":3248607232,""cow_pss_bytes"":1296334848,""full_copy_bytes"":2147483648,""full_copy_ns"":817063410,""pss_to_full_copy_basis_points"":6036}"
2,bench-a6c32a7b-e437-4a70-8f8b-980d60e28a83,final_cow,1073741824-2-1000-sample-1,supported,1450366363,,"{""ordinal"":1,""runtime_ns"":1450366363,""allocation_ns"":302110241,""fork_pause_ns"":35296314,""dirty_ns_max"":183343494,""minor_faults"":52454,""major_faults"":0,""cow_rss_bytes"":3248549888,""cow_pss_bytes"":1296336896,""full_copy_bytes"":2147483648,""full_copy_ns"":901817690,""pss_to_full_copy_basis_points"":6036}"
2,bench-a6c32a7b-e437-4a70-8f8b-980d60e28a83,final_cow,1073741824-2-1000-sample-2,supported,1413243116,,"{""ordinal"":2,""runtime_ns"":1413243116,""allocation_ns"":317174700,""fork_pause_ns"":38182173,""dirty_ns_max"":118878547,""minor_faults"":52454,""major_faults"":0,""cow_rss_bytes"":3248541696,""cow_pss_bytes"":1296334848,""full_copy_bytes"":2147483648,""full_copy_ns"":893732916,""pss_to_full_copy_basis_points"":6036}"
2,bench-a6c32a7b-e437-4a70-8f8b-980d60e28a83,final_cow,1073741824-2-5000-sample-0,supported,1829710870,,"{""ordinal"":0,""runtime_ns"":1829710870,""allocation_ns"":314602802,""fork_pause_ns"":42149999,""dirty_ns_max"":559548583,""minor_faults"":262168,""major_faults"":0,""cow_rss_bytes"":3248545792,""cow_pss_bytes"":2155317248,""full_copy_bytes"":2147483648,""full_copy_ns"":866030972,""pss_to_full_copy_basis_points"":10036}"
2,bench-a6c32a7b-e437-4a70-8f8b-980d60e28a83,final_cow,1073741824-2-5000-sample-1,supported,1864505858,,"{""ordinal"":1,""runtime_ns"":1864505858,""allocation_ns"":313118072,""fork_pause_ns"":43430127,""dirty_ns_max"":591180152,""minor_faults"":262168,""major_faults"":0,""cow_rss_bytes"":3248537600,""cow_pss_bytes"":2155317248,""full_copy_bytes"":2147483648,""full_copy_ns"":875263552,""pss_to_full_copy_basis_points"":10036}"
2,bench-a6c32a7b-e437-4a70-8f8b-980d60e28a83,final_cow,1073741824-2-5000-sample-2,supported,1765507481,,"{""ordinal"":2,""runtime_ns"":1765507481,""allocation_ns"":311294180,""fork_pause_ns"":42585282,""dirty_ns_max"":531376115,""minor_faults"":262168,""major_faults"":0,""cow_rss_bytes"":3248529408,""cow_pss_bytes"":2155283456,""full_copy_bytes"":2147483648,""full_copy_ns"":839050191,""pss_to_full_copy_basis_points"":10036}"
2,bench-a6c32a7b-e437-4a70-8f8b-980d60e28a83,final_cow,1073741824-2-10000,skipped,0,estimated peak 4429185024 exceeds safety budget 4294967296,"{""key"":{""allocation_bytes"":1073741824,""fanout"":2,""dirty_basis_points"":10000},""status"":""skipped"",""estimated_peak_bytes"":4429185024,""diagnostic"":{""code"":""memory_preflight"",""detail"":""estimated peak 4429185024 exceeds safety budget 4294967296""},""samples"":[],""summary"":null}"
2,bench-a6c32a7b-e437-4a70-8f8b-980d60e28a83,final_cow,1073741824-4-0-sample-0,supported,2221674656,,"{""ordinal"":0,""runtime_ns"":2221674656,""allocation_ns"":312318026,""fork_pause_ns"":90110236,""dirty_ns_max"":41472795,""minor_faults"":53,""major_faults"":0,""cow_rss_bytes"":5412638720,""cow_pss_bytes"":1404923904,""full_copy_bytes"":4294967296,""full_copy_ns"":1701827817,""pss_to_full_copy_basis_points"":3271}"
2,bench-a6c32a7b-e437-4a70-8f8b-980d60e28a83,final_cow,1073741824-4-0-sample-1,supported,2325594139,,"{""ordinal"":1,""runtime_ns"":2325594139,""allocation_ns"":325625273,""fork_pause_ns"":79941688,""dirty_ns_max"":17261074,""minor_faults"":53,""major_faults"":0,""cow_rss_bytes"":5412655104,""cow_pss_bytes"":1586465792,""full_copy_bytes"":4294967296,""full_copy_ns"":1753288875,""pss_to_full_copy_basis_points"":3693}"
2,bench-a6c32a7b-e437-4a70-8f8b-980d60e28a83,final_cow,1073741824-4-0-sample-2,supported,2676182653,,"{""ordinal"":2,""runtime_ns"":2676182653,""allocation_ns"":384719304,""fork_pause_ns"":77760314,""dirty_ns_max"":23759557,""minor_faults"":53,""major_faults"":0,""cow_rss_bytes"":5412655104,""cow_pss_bytes"":1548085248,""full_copy_bytes"":4294967296,""full_copy_ns"":2121191144,""pss_to_full_copy_basis_points"":3604}"
2,bench-a6c32a7b-e437-4a70-8f8b-980d60e28a83,final_cow,1073741824-4-100-sample-0,supported,2526492099,,"{""ordinal"":0,""runtime_ns"":2526492099,""allocation_ns"":360766705,""fork_pause_ns"":138205873,""dirty_ns_max"":87071976,""minor_faults"":10536,""major_faults"":0,""cow_rss_bytes"":5412769792,""cow_pss_bytes"":1267609600,""full_copy_bytes"":4294967296,""full_copy_ns"":1892813710,""pss_to_full_copy_basis_points"":2951}"
2,bench-a6c32a7b-e437-4a70-8f8b-980d60e28a83,final_cow,1073741824-4-100-sample-1,supported,2779677927,,"{""ordinal"":1,""runtime_ns"":2779677927,""allocation_ns"":351277321,""fork_pause_ns"":145193719,""dirty_ns_max"":58424786,""minor_faults"":10536,""major_faults"":0,""cow_rss_bytes"":5412646912,""cow_pss_bytes"":1345060864,""full_copy_bytes"":4294967296,""full_copy_ns"":2132720333,""pss_to_full_copy_basis_points"":3131}"
2,bench-a6c32a7b-e437-4a70-8f8b-980d60e28a83,final_cow,1073741824-4-100-sample-2,supported,2320699171,,"{""ordinal"":2,""runtime_ns"":2320699171,""allocation_ns"":326367717,""fork_pause_ns"":87096615,""dirty_ns_max"":43309887,""minor_faults"":10536,""major_faults"":0,""cow_rss_bytes"":5412605952,""cow_pss_bytes"":1236071424,""full_copy_bytes"":4294967296,""full_copy_ns"":1813890142,""pss_to_full_copy_basis_points"":2877}"
2,bench-a6c32a7b-e437-4a70-8f8b-980d60e28a83,final_cow,1073741824-4-1000-sample-0,supported,2604535761,,"{""ordinal"":0,""runtime_ns"":2604535761,""allocation_ns"":372739502,""fork_pause_ns"":100092301,""dirty_ns_max"":225193687,""minor_faults"":104908,""major_faults"":0,""cow_rss_bytes"":5412634624,""cow_pss_bytes"":1511994368,""full_copy_bytes"":4294967296,""full_copy_ns"":1856395460,""pss_to_full_copy_basis_points"":3520}"
2,bench-a6c32a7b-e437-4a70-8f8b-980d60e28a83,final_cow,1073741824-4-1000-sample-1,supported,2837041532,,"{""ordinal"":1,""runtime_ns"":2837041532,""allocation_ns"":320313556,""fork_pause_ns"":200592925,""dirty_ns_max"":354004737,""minor_faults"":104908,""major_faults"":0,""cow_rss_bytes"":5412642816,""cow_pss_bytes"":1512044544,""full_copy_bytes"":4294967296,""full_copy_ns"":1873317208,""pss_to_full_copy_basis_points"":3520}"
2,bench-a6c32a7b-e437-4a70-8f8b-980d60e28a83,final_cow,1073741824-4-1000-sample-2,supported,3374240831,,"{""ordinal"":2,""runtime_ns"":3374240831,""allocation_ns"":316940812,""fork_pause_ns"":149364306,""dirty_ns_max"":272994122,""minor_faults"":104908,""major_faults"":0,""cow_rss_bytes"":5412655104,""cow_pss_bytes"":1511997440,""full_copy_bytes"":4294967296,""full_copy_ns"":2578783421,""pss_to_full_copy_basis_points"":3520}"
2,bench-a6c32a7b-e437-4a70-8f8b-980d60e28a83,final_cow,1073741824-4-5000,skipped,0,estimated peak 4496293888 exceeds safety budget 4294967296,"{""key"":{""allocation_bytes"":1073741824,""fanout"":4,""dirty_basis_points"":5000},""status"":""skipped"",""estimated_peak_bytes"":4496293888,""diagnostic"":{""code"":""memory_preflight"",""detail"":""estimated peak 4496293888 exceeds safety budget 4294967296""},""samples"":[],""summary"":null}"
2,bench-a6c32a7b-e437-4a70-8f8b-980d60e28a83,final_cow,1073741824-4-10000,skipped,0,estimated peak 6643777536 exceeds safety budget 4294967296,"{""key"":{""allocation_bytes"":1073741824,""fanout"":4,""dirty_basis_points"":10000},""status"":""skipped"",""estimated_peak_bytes"":6643777536,""diagnostic"":{""code"":""memory_preflight"",""detail"":""estimated peak 6643777536 exceeds safety budget 4294967296""},""samples"":[],""summary"":null}"
2,bench-a6c32a7b-e437-4a70-8f8b-980d60e28a83,final_cow,1073741824-8-0-sample-0,supported,4492094119,,"{""ordinal"":0,""runtime_ns"":4492094119,""allocation_ns"":317134013,""fork_pause_ns"":188483603,""dirty_ns_max"":26038532,""minor_faults"":105,""major_faults"":0,""cow_rss_bytes"":9740853248,""cow_pss_bytes"":1980628992,""full_copy_bytes"":8589934592,""full_copy_ns"":3593484390,""pss_to_full_copy_basis_points"":2305}"
2,bench-a6c32a7b-e437-4a70-8f8b-980d60e28a83,final_cow,1073741824-8-0-sample-1,supported,4481970919,,"{""ordinal"":1,""runtime_ns"":4481970919,""allocation_ns"":334583647,""fork_pause_ns"":249920927,""dirty_ns_max"":186873352,""minor_faults"":105,""major_faults"":0,""cow_rss_bytes"":9740898304,""cow_pss_bytes"":1889108992,""full_copy_bytes"":8589934592,""full_copy_ns"":3608068115,""pss_to_full_copy_basis_points"":2199}"
2,bench-a6c32a7b-e437-4a70-8f8b-980d60e28a83,final_cow,1073741824-8-0-sample-2,supported,4047026999,,"{""ordinal"":2,""runtime_ns"":4047026999,""allocation_ns"":322534726,""fork_pause_ns"":163736919,""dirty_ns_max"":19906971,""minor_faults"":105,""major_faults"":0,""cow_rss_bytes"":9741099008,""cow_pss_bytes"":2047628288,""full_copy_bytes"":8589934592,""full_copy_ns"":3428984885,""pss_to_full_copy_basis_points"":2383}"
2,bench-a6c32a7b-e437-4a70-8f8b-980d60e28a83,final_cow,1073741824-8-100-sample-0,supported,4081738777,,"{""ordinal"":0,""runtime_ns"":4081738777,""allocation_ns"":327132516,""fork_pause_ns"":198101945,""dirty_ns_max"":36704402,""minor_faults"":21072,""major_faults"":0,""cow_rss_bytes"":9740734464,""cow_pss_bytes"":1784069120,""full_copy_bytes"":8589934592,""full_copy_ns"":3412113365,""pss_to_full_copy_basis_points"":2076}"
2,bench-a6c32a7b-e437-4a70-8f8b-980d60e28a83,final_cow,1073741824-8-100-sample-1,supported,4345764065,,"{""ordinal"":1,""runtime_ns"":4345764065,""allocation_ns"":419483884,""fork_pause_ns"":327184435,""dirty_ns_max"":156913073,""minor_faults"":21072,""major_faults"":0,""cow_rss_bytes"":9740869632,""cow_pss_bytes"":1661681664,""full_copy_bytes"":8589934592,""full_copy_ns"":3417454750,""pss_to_full_copy_basis_points"":1934}"
2,bench-a6c32a7b-e437-4a70-8f8b-980d60e28a83,final_cow,1073741824-8-100-sample-2,supported,4171060023,,"{""ordinal"":2,""runtime_ns"":4171060023,""allocation_ns"":340796964,""fork_pause_ns"":232223929,""dirty_ns_max"":100371381,""minor_faults"":21072,""major_faults"":0,""cow_rss_bytes"":9741099008,""cow_pss_bytes"":1669103616,""full_copy_bytes"":8589934592,""full_copy_ns"":3417624583,""pss_to_full_copy_basis_points"":1943}"
2,bench-a6c32a7b-e437-4a70-8f8b-980d60e28a83,final_cow,1073741824-8-1000-sample-0,supported,4707543463,,"{""ordinal"":0,""runtime_ns"":4707543463,""allocation_ns"":325760905,""fork_pause_ns"":426111524,""dirty_ns_max"":414003044,""minor_faults"":209816,""major_faults"":0,""cow_rss_bytes"":9740771328,""cow_pss_bytes"":1988957184,""full_copy_bytes"":8589934592,""full_copy_ns"":3622376401,""pss_to_full_copy_basis_points"":2315}"
2,bench-a6c32a7b-e437-4a70-8f8b-980d60e28a83,final_cow,1073741824-8-1000-sample-1,supported,4451932088,,"{""ordinal"":1,""runtime_ns"":4451932088,""allocation_ns"":314435469,""fork_pause_ns"":410817582,""dirty_ns_max"":361667258,""minor_faults"":209816,""major_faults"":0,""cow_rss_bytes"":9741099008,""cow_pss_bytes"":2003216384,""full_copy_bytes"":8589934592,""full_copy_ns"":3402349904,""pss_to_full_copy_basis_points"":2332}"
2,bench-a6c32a7b-e437-4a70-8f8b-980d60e28a83,final_cow,1073741824-8-1000-sample-2,supported,4491427775,,"{""ordinal"":2,""runtime_ns"":4491427775,""allocation_ns"":306374815,""fork_pause_ns"":254954596,""dirty_ns_max"":405612267,""minor_faults"":209816,""major_faults"":0,""cow_rss_bytes"":9740734464,""cow_pss_bytes"":1944174592,""full_copy_bytes"":8589934592,""full_copy_ns"":3549688743,""pss_to_full_copy_basis_points"":2263}"
2,bench-a6c32a7b-e437-4a70-8f8b-980d60e28a83,final_cow,1073741824-8-5000,skipped,0,estimated peak 6777995264 exceeds safety budget 4294967296,"{""key"":{""allocation_bytes"":1073741824,""fanout"":8,""dirty_basis_points"":5000},""status"":""skipped"",""estimated_peak_bytes"":6777995264,""diagnostic"":{""code"":""memory_preflight"",""detail"":""estimated peak 6777995264 exceeds safety budget 4294967296""},""samples"":[],""summary"":null}"
2,bench-a6c32a7b-e437-4a70-8f8b-980d60e28a83,final_cow,1073741824-8-10000,skipped,0,estimated peak 11072962560 exceeds safety budget 4294967296,"{""key"":{""allocation_bytes"":1073741824,""fanout"":8,""dirty_basis_points"":10000},""status"":""skipped"",""estimated_peak_bytes"":11072962560,""diagnostic"":{""code"":""memory_preflight"",""detail"":""estimated peak 11072962560 exceeds safety budget 4294967296""},""samples"":[],""summary"":null}"
2,bench-a6c32a7b-e437-4a70-8f8b-980d60e28a83,final_isolation,direct-sample-0,supported,55893608,,"{""backend"":""direct"",""phase"":""cold"",""ordinal"":0,""status"":""supported"",""total_ns"":55893608,""launch_overhead_ns"":1654691,""workload_runtime_ns"":54238917,""cpu_user_ns"":52165000,""cpu_system_ns"":2054000,""peak_rss_bytes"":10194944,""compatibility"":""completed"",""diagnostic"":null}"
2,bench-a6c32a7b-e437-4a70-8f8b-980d60e28a83,final_isolation,direct-sample-1,supported,54623039,,"{""backend"":""direct"",""phase"":""warm"",""ordinal"":1,""status"":""supported"",""total_ns"":54623039,""launch_overhead_ns"":1240568,""workload_runtime_ns"":53382471,""cpu_user_ns"":51358000,""cpu_system_ns"":1998000,""peak_rss_bytes"":10129408,""compatibility"":""completed"",""diagnostic"":null}"
2,bench-a6c32a7b-e437-4a70-8f8b-980d60e28a83,final_isolation,direct-sample-2,supported,54755360,,"{""backend"":""direct"",""phase"":""warm"",""ordinal"":2,""status"":""supported"",""total_ns"":54755360,""launch_overhead_ns"":1336289,""workload_runtime_ns"":53419071,""cpu_user_ns"":50391000,""cpu_system_ns"":3001000,""peak_rss_bytes"":10129408,""compatibility"":""completed"",""diagnostic"":null}"
2,bench-a6c32a7b-e437-4a70-8f8b-980d60e28a83,final_isolation,direct-sample-3,supported,54717080,,"{""backend"":""direct"",""phase"":""warm"",""ordinal"":3,""status"":""supported"",""total_ns"":54717080,""launch_overhead_ns"":1335969,""workload_runtime_ns"":53381111,""cpu_user_ns"":51008000,""cpu_system_ns"":2347000,""peak_rss_bytes"":10194944,""compatibility"":""completed"",""diagnostic"":null}"
2,bench-a6c32a7b-e437-4a70-8f8b-980d60e28a83,final_isolation,direct-sample-4,supported,54747800,,"{""backend"":""direct"",""phase"":""warm"",""ordinal"":4,""status"":""supported"",""total_ns"":54747800,""launch_overhead_ns"":1372529,""workload_runtime_ns"":53375271,""cpu_user_ns"":51013000,""cpu_system_ns"":2337000,""peak_rss_bytes"":10186752,""compatibility"":""completed"",""diagnostic"":null}"
2,bench-a6c32a7b-e437-4a70-8f8b-980d60e28a83,final_isolation,direct-sample-5,supported,55366644,,"{""backend"":""direct"",""phase"":""warm"",""ordinal"":5,""status"":""supported"",""total_ns"":55366644,""launch_overhead_ns"":1344009,""workload_runtime_ns"":54022635,""cpu_user_ns"":51976000,""cpu_system_ns"":2024000,""peak_rss_bytes"":10194944,""compatibility"":""completed"",""diagnostic"":null}"
2,bench-a6c32a7b-e437-4a70-8f8b-980d60e28a83,final_isolation,direct-sample-6,supported,55084323,,"{""backend"":""direct"",""phase"":""warm"",""ordinal"":6,""status"":""supported"",""total_ns"":55084323,""launch_overhead_ns"":1360289,""workload_runtime_ns"":53724034,""cpu_user_ns"":50416000,""cpu_system_ns"":3286000,""peak_rss_bytes"":10129408,""compatibility"":""completed"",""diagnostic"":null}"
2,bench-a6c32a7b-e437-4a70-8f8b-980d60e28a83,final_isolation,linux-sample-0,supported,79401562,,"{""backend"":""linux"",""phase"":""cold"",""ordinal"":0,""status"":""supported"",""total_ns"":79401562,""launch_overhead_ns"":25148685,""workload_runtime_ns"":54252877,""cpu_user_ns"":53267000,""cpu_system_ns"":967000,""peak_rss_bytes"":10129408,""compatibility"":""sandbox_policy_enforced"",""diagnostic"":null}"
2,bench-a6c32a7b-e437-4a70-8f8b-980d60e28a83,final_isolation,linux-sample-1,supported,81315015,,"{""backend"":""linux"",""phase"":""warm"",""ordinal"":1,""status"":""supported"",""total_ns"":81315015,""launch_overhead_ns"":27489341,""workload_runtime_ns"":53825674,""cpu_user_ns"":51115000,""cpu_system_ns"":2623000,""peak_rss_bytes"":10129408,""compatibility"":""sandbox_policy_enforced"",""diagnostic"":null}"
2,bench-a6c32a7b-e437-4a70-8f8b-980d60e28a83,final_isolation,linux-sample-2,supported,81617936,,"{""backend"":""linux"",""phase"":""warm"",""ordinal"":2,""status"":""supported"",""total_ns"":81617936,""launch_overhead_ns"":26436253,""workload_runtime_ns"":55181683,""cpu_user_ns"":52736000,""cpu_system_ns"":2091000,""peak_rss_bytes"":10182656,""compatibility"":""sandbox_policy_enforced"",""diagnostic"":null}"
2,bench-a6c32a7b-e437-4a70-8f8b-980d60e28a83,final_isolation,linux-sample-3,supported,84390034,,"{""backend"":""linux"",""phase"":""warm"",""ordinal"":3,""status"":""supported"",""total_ns"":84390034,""launch_overhead_ns"":28523707,""workload_runtime_ns"":55866327,""cpu_user_ns"":52874000,""cpu_system_ns"":2795000,""peak_rss_bytes"":10129408,""compatibility"":""sandbox_policy_enforced"",""diagnostic"":null}"
2,bench-a6c32a7b-e437-4a70-8f8b-980d60e28a83,final_isolation,linux-sample-4,supported,83251467,,"{""backend"":""linux"",""phase"":""warm"",""ordinal"":4,""status"":""supported"",""total_ns"":83251467,""launch_overhead_ns"":28950470,""workload_runtime_ns"":54300997,""cpu_user_ns"":51645000,""cpu_system_ns"":2622000,""peak_rss_bytes"":10178560,""compatibility"":""sandbox_policy_enforced"",""diagnostic"":null}"
2,bench-a6c32a7b-e437-4a70-8f8b-980d60e28a83,final_isolation,linux-sample-5,supported,81276374,,"{""backend"":""linux"",""phase"":""warm"",""ordinal"":5,""status"":""supported"",""total_ns"":81276374,""launch_overhead_ns"":27050298,""workload_runtime_ns"":54226076,""cpu_user_ns"":51573000,""cpu_system_ns"":2617000,""peak_rss_bytes"":10129408,""compatibility"":""sandbox_policy_enforced"",""diagnostic"":null}"
2,bench-a6c32a7b-e437-4a70-8f8b-980d60e28a83,final_isolation,linux-sample-6,supported,79781445,,"{""backend"":""linux"",""phase"":""warm"",""ordinal"":6,""status"":""supported"",""total_ns"":79781445,""launch_overhead_ns"":25668249,""workload_runtime_ns"":54113196,""cpu_user_ns"":50957000,""cpu_system_ns"":2988000,""peak_rss_bytes"":10194944,""compatibility"":""sandbox_policy_enforced"",""diagnostic"":null}"
2,bench-a6c32a7b-e437-4a70-8f8b-980d60e28a83,fault,workspace_restore_after_staging,succeeded,0,,"{""fault"":""AfterStagingCreated"",""staging_clean"":""true"",""target_absent"":""true""}"
2,bench-a6c32a7b-e437-4a70-8f8b-980d60e28a83,fault,workspace_restore_after_first_entry,succeeded,0,,"{""fault"":""AfterFirstEntry"",""staging_clean"":""true"",""target_absent"":""true""}"
2,bench-a6c32a7b-e437-4a70-8f8b-980d60e28a83,fault,workspace_restore_before_publish,succeeded,0,,"{""fault"":""BeforePublish"",""staging_clean"":""true"",""target_absent"":""true""}"
2,bench-a6c32a7b-e437-4a70-8f8b-980d60e28a83,fault,application_capture_missing_reference,succeeded,0,,"{""diagnostic"":""observable context references missing blob ffffffffffffffffffffffffffffffffffffffffffffffffffffffffffffffff"",""validation_stage"":""capture""}"
2,bench-a6c32a7b-e437-4a70-8f8b-980d60e28a83,fault,effect_replay_100_runs,succeeded,0,,"{""attempts"":""100"",""correct_receipts"":""100"",""dispatcher_scope"":""deterministic_local"",""downstream_dispatches"":""1"",""durable_intents"":""1""}"
2,bench-a6c32a7b-e437-4a70-8f8b-980d60e28a83,fault,effect_unknown_suspends_branch,succeeded,0,,"{""branch_state"":""suspended"",""downstream_dispatches"":""1"",""effect_state"":""Unknown"",""retry_blocked"":""true""}"
2,bench-a6c32a7b-e437-4a70-8f8b-980d60e28a83,fault,capability_revocation_resurrection_blocked,succeeded,0,,"{""current_state"":""Revoked"",""downstream_dispatches"":""0"",""gateway_denied"":""true"",""raw_resurrection_blocked"":""true""}"
2,bench-a6c32a7b-e437-4a70-8f8b-980d60e28a83,fault,capability_policy_rollback_blocked,succeeded,0,,"{""current_policy_revision"":""2"",""downstream_dispatches"":""0"",""gateway_denied"":""true"",""raw_policy_rollback_blocked"":""true""}"
2,bench-a6c32a7b-e437-4a70-8f8b-980d60e28a83,fault,composite_after_application_before_workspace,unsupported,0,the composite checkpoint coordinator has no stage injection API on this revision,"{""api"":""unavailable"",""claim"":""unsupported""}"
2,bench-a6c32a7b-e437-4a70-8f8b-980d60e28a83,fault,external_provider_reconciliation,unsupported,0,the deterministic gateway fixture does not prove a live provider's reconciliation contract,"{""api"":""unavailable"",""claim"":""unsupported""}"
